-- phpMyAdmin SQL Dump
-- version 5.0.4
-- https://www.phpmyadmin.net/
--
-- Host: 127.0.0.1
-- Generation Time: Jan 05, 2022 at 04:44 AM
-- Server version: 10.4.17-MariaDB
-- PHP Version: 8.0.1

SET SQL_MODE = "NO_AUTO_VALUE_ON_ZERO";
START TRANSACTION;
SET time_zone = "+00:00";


/*!40101 SET @OLD_CHARACTER_SET_CLIENT=@@CHARACTER_SET_CLIENT */;
/*!40101 SET @OLD_CHARACTER_SET_RESULTS=@@CHARACTER_SET_RESULTS */;
/*!40101 SET @OLD_COLLATION_CONNECTION=@@COLLATION_CONNECTION */;
/*!40101 SET NAMES utf8mb4 */;

--
-- Database: `test`
--

-- --------------------------------------------------------

--
-- Table structure for table `failed_jobs`
--

CREATE TABLE `failed_jobs` (
  `id` bigint(20) UNSIGNED NOT NULL,
  `uuid` varchar(255) COLLATE utf8mb4_unicode_ci NOT NULL,
  `connection` text COLLATE utf8mb4_unicode_ci NOT NULL,
  `queue` text COLLATE utf8mb4_unicode_ci NOT NULL,
  `payload` longtext COLLATE utf8mb4_unicode_ci NOT NULL,
  `exception` longtext COLLATE utf8mb4_unicode_ci NOT NULL,
  `failed_at` timestamp NOT NULL DEFAULT current_timestamp()
) ENGINE=InnoDB DEFAULT CHARSET=utf8mb4 COLLATE=utf8mb4_unicode_ci;

-- --------------------------------------------------------

--
-- Table structure for table `migrations`
--

CREATE TABLE `migrations` (
  `id` int(10) UNSIGNED NOT NULL,
  `migration` varchar(255) COLLATE utf8mb4_unicode_ci NOT NULL,
  `batch` int(11) NOT NULL
) ENGINE=InnoDB DEFAULT CHARSET=utf8mb4 COLLATE=utf8mb4_unicode_ci;

--
-- Dumping data for table `migrations`
--

INSERT INTO `migrations` (`id`, `migration`, `batch`) VALUES
(1, '2014_10_12_000000_create_users_table', 1),
(2, '2014_10_12_100000_create_password_resets_table', 1),
(3, '2019_08_19_000000_create_failed_jobs_table', 1),
(4, '2019_12_14_000001_create_personal_access_tokens_table', 1),
(5, '2022_01_01_062824_create_vhire_table', 1),
(6, '2022_01_01_062845_create_terminal_table', 1),
(7, '2022_01_01_062901_create_route_table', 1),
(8, '2022_01_01_062918_create_trip_table', 1),
(9, '2022_01_01_063341_create_orders_table', 1);

-- --------------------------------------------------------

--
-- Table structure for table `orders`
--

CREATE TABLE `orders` (
  `orderID` int(10) UNSIGNED NOT NULL,
  `customerID` int(10) UNSIGNED NOT NULL,
  `tripID` int(10) UNSIGNED NOT NULL,
  `Quantity` int(11) NOT NULL DEFAULT 1,
  `Date` date NOT NULL DEFAULT curdate(),
  `AmountDue` int(11) NOT NULL DEFAULT 100,
  `Status` enum('UNCONFIRMED','CONFIRMED','CANCELLED') COLLATE utf8mb4_unicode_ci NOT NULL DEFAULT 'UNCONFIRMED',
  `orderCreationDT` timestamp NOT NULL DEFAULT current_timestamp(),
  `statusChangeDT` timestamp NOT NULL DEFAULT current_timestamp()
) ENGINE=InnoDB DEFAULT CHARSET=utf8mb4 COLLATE=utf8mb4_unicode_ci;

--
-- Dumping data for table `orders`
--

INSERT INTO `orders` (`orderID`, `customerID`, `tripID`, `Quantity`, `Date`, `AmountDue`, `Status`, `orderCreationDT`, `statusChangeDT`) VALUES
(1, 204, 8, 1, '2022-01-05', 100, 'CONFIRMED', '2022-01-05 02:40:53', '2022-01-05 02:40:53'),
(2, 213, 206, 1, '2022-01-05', 100, 'UNCONFIRMED', '2022-01-05 02:40:53', '2022-01-05 02:40:53'),
(3, 174, 42, 1, '2022-01-05', 100, 'CANCELLED', '2022-01-05 02:40:53', '2022-01-05 02:40:53'),
(4, 49, 121, 1, '2022-01-05', 100, 'CANCELLED', '2022-01-05 02:40:53', '2022-01-05 02:40:53'),
(5, 60, 34, 1, '2022-01-05', 100, 'UNCONFIRMED', '2022-01-05 02:40:53', '2022-01-05 02:40:53'),
(6, 16, 124, 1, '2022-01-05', 100, 'CANCELLED', '2022-01-05 02:40:53', '2022-01-05 02:40:53'),
(7, 170, 169, 1, '2022-01-05', 100, 'CANCELLED', '2022-01-05 02:40:53', '2022-01-05 02:40:53'),
(8, 300, 89, 1, '2022-01-05', 100, 'UNCONFIRMED', '2022-01-05 02:40:53', '2022-01-05 02:40:53'),
(9, 224, 40, 1, '2022-01-05', 500, 'UNCONFIRMED', '2022-01-05 02:40:53', '2022-01-05 02:40:53'),
(10, 4, 248, 1, '2022-01-05', 100, 'CANCELLED', '2022-01-05 02:40:54', '2022-01-05 02:40:54'),
(11, 78, 46, 1, '2022-01-05', 900, 'CONFIRMED', '2022-01-05 02:40:54', '2022-01-05 02:40:54'),
(12, 210, 52, 1, '2022-01-05', 100, 'CANCELLED', '2022-01-05 02:40:54', '2022-01-05 02:40:54'),
(13, 183, 132, 1, '2022-01-05', 900, 'UNCONFIRMED', '2022-01-05 02:40:54', '2022-01-05 02:40:54'),
(14, 223, 227, 1, '2022-01-05', 100, 'CANCELLED', '2022-01-05 02:40:54', '2022-01-05 02:40:54'),
(15, 21, 172, 1, '2022-01-05', 500, 'UNCONFIRMED', '2022-01-05 02:40:54', '2022-01-05 02:40:54'),
(16, 214, 157, 1, '2022-01-05', 100, 'CONFIRMED', '2022-01-05 02:40:54', '2022-01-05 02:40:54'),
(17, 90, 216, 1, '2022-01-05', 100, 'CANCELLED', '2022-01-05 02:40:54', '2022-01-05 02:40:54'),
(18, 127, 197, 1, '2022-01-05', 100, 'CANCELLED', '2022-01-05 02:40:54', '2022-01-05 02:40:54'),
(19, 136, 166, 1, '2022-01-05', 100, 'CONFIRMED', '2022-01-05 02:40:54', '2022-01-05 02:40:54'),
(20, 151, 39, 1, '2022-01-05', 100, 'CONFIRMED', '2022-01-05 02:40:54', '2022-01-05 02:40:54'),
(21, 42, 85, 1, '2022-01-05', 500, 'UNCONFIRMED', '2022-01-05 02:40:54', '2022-01-05 02:40:54'),
(22, 127, 39, 1, '2022-01-05', 100, 'UNCONFIRMED', '2022-01-05 02:40:54', '2022-01-05 02:40:54'),
(23, 288, 203, 1, '2022-01-05', 100, 'CANCELLED', '2022-01-05 02:40:54', '2022-01-05 02:40:54'),
(24, 176, 106, 1, '2022-01-05', 100, 'CONFIRMED', '2022-01-05 02:40:54', '2022-01-05 02:40:54'),
(25, 258, 81, 1, '2022-01-05', 100, 'UNCONFIRMED', '2022-01-05 02:40:54', '2022-01-05 02:40:54'),
(26, 172, 31, 1, '2022-01-05', 900, 'UNCONFIRMED', '2022-01-05 02:40:54', '2022-01-05 02:40:54'),
(27, 6, 203, 1, '2022-01-05', 100, 'CANCELLED', '2022-01-05 02:40:54', '2022-01-05 02:40:54'),
(28, 179, 216, 1, '2022-01-05', 100, 'CONFIRMED', '2022-01-05 02:40:54', '2022-01-05 02:40:54'),
(29, 295, 7, 1, '2022-01-05', 500, 'CONFIRMED', '2022-01-05 02:40:54', '2022-01-05 02:40:54'),
(30, 186, 127, 1, '2022-01-05', 100, 'CANCELLED', '2022-01-05 02:40:54', '2022-01-05 02:40:54'),
(31, 236, 148, 1, '2022-01-05', 100, 'UNCONFIRMED', '2022-01-05 02:40:54', '2022-01-05 02:40:54'),
(32, 80, 41, 1, '2022-01-05', 100, 'CONFIRMED', '2022-01-05 02:40:54', '2022-01-05 02:40:54'),
(33, 235, 68, 1, '2022-01-05', 100, 'CANCELLED', '2022-01-05 02:40:54', '2022-01-05 02:40:54'),
(34, 59, 217, 1, '2022-01-05', 100, 'CANCELLED', '2022-01-05 02:40:54', '2022-01-05 02:40:54'),
(35, 131, 242, 1, '2022-01-05', 500, 'CONFIRMED', '2022-01-05 02:40:54', '2022-01-05 02:40:54'),
(36, 141, 40, 1, '2022-01-05', 500, 'CANCELLED', '2022-01-05 02:40:54', '2022-01-05 02:40:54'),
(37, 26, 189, 1, '2022-01-05', 100, 'UNCONFIRMED', '2022-01-05 02:40:54', '2022-01-05 02:40:54'),
(38, 69, 20, 1, '2022-01-05', 500, 'UNCONFIRMED', '2022-01-05 02:40:54', '2022-01-05 02:40:54'),
(39, 240, 25, 1, '2022-01-05', 100, 'CONFIRMED', '2022-01-05 02:40:54', '2022-01-05 02:40:54'),
(40, 56, 147, 1, '2022-01-05', 100, 'UNCONFIRMED', '2022-01-05 02:40:54', '2022-01-05 02:40:54'),
(41, 227, 135, 1, '2022-01-05', 900, 'UNCONFIRMED', '2022-01-05 02:40:54', '2022-01-05 02:40:54'),
(42, 214, 121, 1, '2022-01-05', 100, 'CANCELLED', '2022-01-05 02:40:54', '2022-01-05 02:40:54'),
(43, 96, 137, 1, '2022-01-05', 900, 'UNCONFIRMED', '2022-01-05 02:40:54', '2022-01-05 02:40:54'),
(44, 89, 231, 1, '2022-01-05', 100, 'CONFIRMED', '2022-01-05 02:40:54', '2022-01-05 02:40:54'),
(45, 266, 154, 1, '2022-01-05', 900, 'CANCELLED', '2022-01-05 02:40:54', '2022-01-05 02:40:54'),
(46, 157, 76, 1, '2022-01-05', 500, 'UNCONFIRMED', '2022-01-05 02:40:54', '2022-01-05 02:40:54'),
(47, 291, 71, 1, '2022-01-05', 100, 'CONFIRMED', '2022-01-05 02:40:54', '2022-01-05 02:40:54'),
(48, 75, 52, 1, '2022-01-05', 100, 'CONFIRMED', '2022-01-05 02:40:54', '2022-01-05 02:40:54'),
(49, 197, 15, 1, '2022-01-05', 100, 'CANCELLED', '2022-01-05 02:40:54', '2022-01-05 02:40:54'),
(50, 199, 52, 1, '2022-01-05', 100, 'UNCONFIRMED', '2022-01-05 02:40:54', '2022-01-05 02:40:54'),
(51, 287, 118, 1, '2022-01-05', 500, 'UNCONFIRMED', '2022-01-05 02:40:54', '2022-01-05 02:40:54'),
(52, 159, 130, 1, '2022-01-05', 900, 'CONFIRMED', '2022-01-05 02:40:54', '2022-01-05 02:40:54'),
(53, 228, 114, 1, '2022-01-05', 100, 'UNCONFIRMED', '2022-01-05 02:40:54', '2022-01-05 02:40:54'),
(54, 294, 90, 1, '2022-01-05', 900, 'UNCONFIRMED', '2022-01-05 02:40:54', '2022-01-05 02:40:54'),
(55, 107, 194, 1, '2022-01-05', 500, 'CANCELLED', '2022-01-05 02:40:54', '2022-01-05 02:40:54'),
(56, 15, 107, 1, '2022-01-05', 100, 'UNCONFIRMED', '2022-01-05 02:40:54', '2022-01-05 02:40:54'),
(57, 287, 1, 1, '2022-01-05', 900, 'UNCONFIRMED', '2022-01-05 02:40:54', '2022-01-05 02:40:54'),
(58, 243, 163, 1, '2022-01-05', 500, 'CANCELLED', '2022-01-05 02:40:54', '2022-01-05 02:40:54'),
(59, 292, 176, 1, '2022-01-05', 100, 'CANCELLED', '2022-01-05 02:40:54', '2022-01-05 02:40:54'),
(60, 195, 33, 1, '2022-01-05', 100, 'UNCONFIRMED', '2022-01-05 02:40:54', '2022-01-05 02:40:54'),
(61, 48, 44, 1, '2022-01-05', 100, 'UNCONFIRMED', '2022-01-05 02:40:54', '2022-01-05 02:40:54'),
(62, 147, 82, 1, '2022-01-05', 100, 'CANCELLED', '2022-01-05 02:40:54', '2022-01-05 02:40:54'),
(63, 107, 188, 1, '2022-01-05', 100, 'CANCELLED', '2022-01-05 02:40:54', '2022-01-05 02:40:54'),
(64, 189, 250, 1, '2022-01-05', 100, 'CANCELLED', '2022-01-05 02:40:54', '2022-01-05 02:40:54'),
(65, 257, 136, 1, '2022-01-05', 500, 'CONFIRMED', '2022-01-05 02:40:54', '2022-01-05 02:40:54'),
(66, 278, 166, 1, '2022-01-05', 100, 'UNCONFIRMED', '2022-01-05 02:40:54', '2022-01-05 02:40:54'),
(67, 177, 72, 1, '2022-01-05', 100, 'CANCELLED', '2022-01-05 02:40:54', '2022-01-05 02:40:54'),
(68, 172, 246, 1, '2022-01-05', 500, 'UNCONFIRMED', '2022-01-05 02:40:54', '2022-01-05 02:40:54'),
(69, 24, 20, 1, '2022-01-05', 500, 'CANCELLED', '2022-01-05 02:40:54', '2022-01-05 02:40:54'),
(70, 13, 159, 1, '2022-01-05', 100, 'CONFIRMED', '2022-01-05 02:40:54', '2022-01-05 02:40:54'),
(71, 184, 133, 1, '2022-01-05', 100, 'CONFIRMED', '2022-01-05 02:40:54', '2022-01-05 02:40:54'),
(72, 230, 85, 1, '2022-01-05', 500, 'UNCONFIRMED', '2022-01-05 02:40:54', '2022-01-05 02:40:54'),
(73, 293, 124, 1, '2022-01-05', 100, 'CONFIRMED', '2022-01-05 02:40:54', '2022-01-05 02:40:54'),
(74, 156, 132, 1, '2022-01-05', 900, 'CANCELLED', '2022-01-05 02:40:54', '2022-01-05 02:40:54'),
(75, 126, 118, 1, '2022-01-05', 500, 'CONFIRMED', '2022-01-05 02:40:54', '2022-01-05 02:40:54'),
(76, 45, 154, 1, '2022-01-05', 900, 'CANCELLED', '2022-01-05 02:40:54', '2022-01-05 02:40:54'),
(77, 153, 213, 1, '2022-01-05', 100, 'CONFIRMED', '2022-01-05 02:40:54', '2022-01-05 02:40:54'),
(78, 77, 162, 1, '2022-01-05', 900, 'UNCONFIRMED', '2022-01-05 02:40:54', '2022-01-05 02:40:54'),
(79, 138, 107, 1, '2022-01-05', 100, 'UNCONFIRMED', '2022-01-05 02:40:54', '2022-01-05 02:40:54'),
(80, 47, 111, 1, '2022-01-05', 500, 'CANCELLED', '2022-01-05 02:40:54', '2022-01-05 02:40:54'),
(81, 250, 47, 1, '2022-01-05', 100, 'CONFIRMED', '2022-01-05 02:40:54', '2022-01-05 02:40:54'),
(82, 49, 235, 1, '2022-01-05', 900, 'CANCELLED', '2022-01-05 02:40:54', '2022-01-05 02:40:54'),
(83, 70, 133, 1, '2022-01-05', 100, 'CONFIRMED', '2022-01-05 02:40:54', '2022-01-05 02:40:54'),
(84, 232, 54, 1, '2022-01-05', 100, 'UNCONFIRMED', '2022-01-05 02:40:54', '2022-01-05 02:40:54'),
(85, 90, 174, 1, '2022-01-05', 500, 'CONFIRMED', '2022-01-05 02:40:54', '2022-01-05 02:40:54'),
(86, 235, 69, 1, '2022-01-05', 100, 'UNCONFIRMED', '2022-01-05 02:40:54', '2022-01-05 02:40:54'),
(87, 182, 1, 1, '2022-01-05', 900, 'CANCELLED', '2022-01-05 02:40:54', '2022-01-05 02:40:54'),
(88, 259, 162, 1, '2022-01-05', 900, 'CANCELLED', '2022-01-05 02:40:54', '2022-01-05 02:40:54'),
(89, 135, 206, 1, '2022-01-05', 100, 'CONFIRMED', '2022-01-05 02:40:54', '2022-01-05 02:40:54'),
(90, 146, 54, 1, '2022-01-05', 100, 'CANCELLED', '2022-01-05 02:40:54', '2022-01-05 02:40:54'),
(91, 277, 72, 1, '2022-01-05', 100, 'CONFIRMED', '2022-01-05 02:40:54', '2022-01-05 02:40:54'),
(92, 31, 38, 1, '2022-01-05', 500, 'CANCELLED', '2022-01-05 02:40:54', '2022-01-05 02:40:54'),
(93, 108, 229, 1, '2022-01-05', 100, 'CONFIRMED', '2022-01-05 02:40:54', '2022-01-05 02:40:54'),
(94, 264, 231, 1, '2022-01-05', 100, 'CONFIRMED', '2022-01-05 02:40:54', '2022-01-05 02:40:54'),
(95, 125, 195, 1, '2022-01-05', 100, 'CONFIRMED', '2022-01-05 02:40:54', '2022-01-05 02:40:54'),
(96, 165, 47, 1, '2022-01-05', 100, 'UNCONFIRMED', '2022-01-05 02:40:54', '2022-01-05 02:40:54'),
(97, 33, 112, 1, '2022-01-05', 100, 'CANCELLED', '2022-01-05 02:40:54', '2022-01-05 02:40:54'),
(98, 276, 73, 1, '2022-01-05', 500, 'UNCONFIRMED', '2022-01-05 02:40:54', '2022-01-05 02:40:54'),
(99, 279, 92, 1, '2022-01-05', 900, 'CANCELLED', '2022-01-05 02:40:54', '2022-01-05 02:40:54'),
(100, 182, 1, 1, '2022-01-05', 900, 'UNCONFIRMED', '2022-01-05 02:40:54', '2022-01-05 02:40:54'),
(101, 160, 181, 1, '2022-01-05', 100, 'UNCONFIRMED', '2022-01-05 02:40:54', '2022-01-05 02:40:54'),
(102, 168, 199, 1, '2022-01-05', 100, 'UNCONFIRMED', '2022-01-05 02:40:54', '2022-01-05 02:40:54'),
(103, 259, 10, 1, '2022-01-05', 100, 'UNCONFIRMED', '2022-01-05 02:40:54', '2022-01-05 02:40:54'),
(104, 291, 61, 1, '2022-01-05', 100, 'UNCONFIRMED', '2022-01-05 02:40:54', '2022-01-05 02:40:54'),
(105, 264, 29, 1, '2022-01-05', 500, 'UNCONFIRMED', '2022-01-05 02:40:54', '2022-01-05 02:40:54'),
(106, 191, 81, 1, '2022-01-05', 100, 'CANCELLED', '2022-01-05 02:40:54', '2022-01-05 02:40:54'),
(107, 212, 68, 1, '2022-01-05', 100, 'UNCONFIRMED', '2022-01-05 02:40:54', '2022-01-05 02:40:54'),
(108, 84, 96, 1, '2022-01-05', 100, 'UNCONFIRMED', '2022-01-05 02:40:54', '2022-01-05 02:40:54'),
(109, 170, 59, 1, '2022-01-05', 100, 'UNCONFIRMED', '2022-01-05 02:40:54', '2022-01-05 02:40:54'),
(110, 188, 47, 1, '2022-01-05', 100, 'CONFIRMED', '2022-01-05 02:40:54', '2022-01-05 02:40:54'),
(111, 258, 203, 1, '2022-01-05', 100, 'UNCONFIRMED', '2022-01-05 02:40:54', '2022-01-05 02:40:54'),
(112, 56, 21, 1, '2022-01-05', 500, 'CONFIRMED', '2022-01-05 02:40:54', '2022-01-05 02:40:54'),
(113, 119, 245, 1, '2022-01-05', 100, 'UNCONFIRMED', '2022-01-05 02:40:54', '2022-01-05 02:40:54'),
(114, 208, 57, 1, '2022-01-05', 500, 'UNCONFIRMED', '2022-01-05 02:40:54', '2022-01-05 02:40:54'),
(115, 87, 48, 1, '2022-01-05', 500, 'UNCONFIRMED', '2022-01-05 02:40:54', '2022-01-05 02:40:54'),
(116, 220, 221, 1, '2022-01-05', 900, 'UNCONFIRMED', '2022-01-05 02:40:54', '2022-01-05 02:40:54'),
(117, 259, 114, 1, '2022-01-05', 100, 'CANCELLED', '2022-01-05 02:40:54', '2022-01-05 02:40:54'),
(118, 93, 210, 1, '2022-01-05', 100, 'UNCONFIRMED', '2022-01-05 02:40:54', '2022-01-05 02:40:54'),
(119, 138, 82, 1, '2022-01-05', 100, 'CONFIRMED', '2022-01-05 02:40:54', '2022-01-05 02:40:54'),
(120, 262, 167, 1, '2022-01-05', 100, 'CONFIRMED', '2022-01-05 02:40:54', '2022-01-05 02:40:54'),
(121, 80, 205, 1, '2022-01-05', 100, 'CANCELLED', '2022-01-05 02:40:54', '2022-01-05 02:40:54'),
(122, 174, 21, 1, '2022-01-05', 500, 'CONFIRMED', '2022-01-05 02:40:54', '2022-01-05 02:40:54'),
(123, 238, 203, 1, '2022-01-05', 100, 'UNCONFIRMED', '2022-01-05 02:40:54', '2022-01-05 02:40:54'),
(124, 104, 195, 1, '2022-01-05', 100, 'CONFIRMED', '2022-01-05 02:40:54', '2022-01-05 02:40:54'),
(125, 258, 159, 1, '2022-01-05', 100, 'CANCELLED', '2022-01-05 02:40:54', '2022-01-05 02:40:54'),
(126, 104, 157, 1, '2022-01-05', 100, 'CANCELLED', '2022-01-05 02:40:54', '2022-01-05 02:40:54'),
(127, 50, 160, 1, '2022-01-05', 900, 'CONFIRMED', '2022-01-05 02:40:54', '2022-01-05 02:40:54'),
(128, 25, 167, 1, '2022-01-05', 100, 'CANCELLED', '2022-01-05 02:40:54', '2022-01-05 02:40:54'),
(129, 103, 48, 1, '2022-01-05', 500, 'UNCONFIRMED', '2022-01-05 02:40:54', '2022-01-05 02:40:54'),
(130, 184, 237, 1, '2022-01-05', 900, 'UNCONFIRMED', '2022-01-05 02:40:54', '2022-01-05 02:40:54'),
(131, 185, 51, 1, '2022-01-05', 100, 'CONFIRMED', '2022-01-05 02:40:54', '2022-01-05 02:40:54'),
(132, 106, 81, 1, '2022-01-05', 100, 'CONFIRMED', '2022-01-05 02:40:54', '2022-01-05 02:40:54'),
(133, 147, 247, 1, '2022-01-05', 100, 'CONFIRMED', '2022-01-05 02:40:54', '2022-01-05 02:40:54'),
(134, 299, 166, 1, '2022-01-05', 100, 'CONFIRMED', '2022-01-05 02:40:54', '2022-01-05 02:40:54'),
(135, 44, 224, 1, '2022-01-05', 100, 'UNCONFIRMED', '2022-01-05 02:40:54', '2022-01-05 02:40:54'),
(136, 138, 11, 1, '2022-01-05', 100, 'UNCONFIRMED', '2022-01-05 02:40:54', '2022-01-05 02:40:54'),
(137, 273, 53, 1, '2022-01-05', 500, 'CANCELLED', '2022-01-05 02:40:54', '2022-01-05 02:40:54'),
(138, 284, 91, 1, '2022-01-05', 500, 'CONFIRMED', '2022-01-05 02:40:54', '2022-01-05 02:40:54'),
(139, 74, 197, 1, '2022-01-05', 100, 'UNCONFIRMED', '2022-01-05 02:40:54', '2022-01-05 02:40:54'),
(140, 173, 243, 1, '2022-01-05', 100, 'CANCELLED', '2022-01-05 02:40:54', '2022-01-05 02:40:54'),
(141, 280, 38, 1, '2022-01-05', 500, 'CONFIRMED', '2022-01-05 02:40:54', '2022-01-05 02:40:54'),
(142, 246, 161, 1, '2022-01-05', 900, 'UNCONFIRMED', '2022-01-05 02:40:54', '2022-01-05 02:40:54'),
(143, 109, 72, 1, '2022-01-05', 100, 'UNCONFIRMED', '2022-01-05 02:40:54', '2022-01-05 02:40:54'),
(144, 166, 238, 1, '2022-01-05', 100, 'UNCONFIRMED', '2022-01-05 02:40:54', '2022-01-05 02:40:54'),
(145, 193, 66, 1, '2022-01-05', 100, 'CANCELLED', '2022-01-05 02:40:54', '2022-01-05 02:40:54'),
(146, 293, 2, 1, '2022-01-05', 100, 'UNCONFIRMED', '2022-01-05 02:40:54', '2022-01-05 02:40:54'),
(147, 176, 124, 1, '2022-01-05', 100, 'CANCELLED', '2022-01-05 02:40:54', '2022-01-05 02:40:54'),
(148, 84, 74, 1, '2022-01-05', 500, 'CANCELLED', '2022-01-05 02:40:54', '2022-01-05 02:40:54'),
(149, 217, 3, 1, '2022-01-05', 100, 'CONFIRMED', '2022-01-05 02:40:54', '2022-01-05 02:40:54'),
(150, 297, 180, 1, '2022-01-05', 900, 'UNCONFIRMED', '2022-01-05 02:40:54', '2022-01-05 02:40:54'),
(151, 241, 51, 1, '2022-01-05', 100, 'CANCELLED', '2022-01-05 02:40:54', '2022-01-05 02:40:54'),
(152, 122, 149, 1, '2022-01-05', 100, 'CONFIRMED', '2022-01-05 02:40:54', '2022-01-05 02:40:54'),
(153, 68, 212, 1, '2022-01-05', 100, 'CANCELLED', '2022-01-05 02:40:54', '2022-01-05 02:40:54'),
(154, 140, 66, 1, '2022-01-05', 100, 'UNCONFIRMED', '2022-01-05 02:40:54', '2022-01-05 02:40:54'),
(155, 293, 232, 1, '2022-01-05', 100, 'UNCONFIRMED', '2022-01-05 02:40:54', '2022-01-05 02:40:54'),
(156, 44, 76, 1, '2022-01-05', 500, 'CANCELLED', '2022-01-05 02:40:54', '2022-01-05 02:40:54'),
(157, 106, 160, 1, '2022-01-05', 900, 'UNCONFIRMED', '2022-01-05 02:40:54', '2022-01-05 02:40:54'),
(158, 262, 176, 1, '2022-01-05', 100, 'CONFIRMED', '2022-01-05 02:40:54', '2022-01-05 02:40:54'),
(159, 138, 46, 1, '2022-01-05', 900, 'UNCONFIRMED', '2022-01-05 02:40:54', '2022-01-05 02:40:54'),
(160, 246, 80, 1, '2022-01-05', 500, 'UNCONFIRMED', '2022-01-05 02:40:54', '2022-01-05 02:40:54'),
(161, 45, 141, 1, '2022-01-05', 100, 'UNCONFIRMED', '2022-01-05 02:40:54', '2022-01-05 02:40:54'),
(162, 211, 147, 1, '2022-01-05', 100, 'CANCELLED', '2022-01-05 02:40:54', '2022-01-05 02:40:54'),
(163, 21, 16, 1, '2022-01-05', 100, 'CANCELLED', '2022-01-05 02:40:54', '2022-01-05 02:40:54'),
(164, 85, 186, 1, '2022-01-05', 100, 'UNCONFIRMED', '2022-01-05 02:40:54', '2022-01-05 02:40:54'),
(165, 259, 71, 1, '2022-01-05', 100, 'UNCONFIRMED', '2022-01-05 02:40:54', '2022-01-05 02:40:54'),
(166, 276, 82, 1, '2022-01-05', 100, 'CANCELLED', '2022-01-05 02:40:54', '2022-01-05 02:40:54'),
(167, 265, 96, 1, '2022-01-05', 100, 'UNCONFIRMED', '2022-01-05 02:40:54', '2022-01-05 02:40:54'),
(168, 250, 143, 1, '2022-01-05', 900, 'UNCONFIRMED', '2022-01-05 02:40:54', '2022-01-05 02:40:54'),
(169, 152, 141, 1, '2022-01-05', 100, 'UNCONFIRMED', '2022-01-05 02:40:54', '2022-01-05 02:40:54'),
(170, 204, 95, 1, '2022-01-05', 900, 'UNCONFIRMED', '2022-01-05 02:40:54', '2022-01-05 02:40:54'),
(171, 107, 161, 1, '2022-01-05', 900, 'UNCONFIRMED', '2022-01-05 02:40:54', '2022-01-05 02:40:54'),
(172, 121, 90, 1, '2022-01-05', 900, 'CONFIRMED', '2022-01-05 02:40:54', '2022-01-05 02:40:54'),
(173, 87, 6, 1, '2022-01-05', 500, 'CONFIRMED', '2022-01-05 02:40:54', '2022-01-05 02:40:54'),
(174, 239, 52, 1, '2022-01-05', 100, 'CANCELLED', '2022-01-05 02:40:54', '2022-01-05 02:40:54'),
(175, 126, 48, 1, '2022-01-05', 500, 'CONFIRMED', '2022-01-05 02:40:54', '2022-01-05 02:40:54'),
(176, 138, 174, 1, '2022-01-05', 500, 'CONFIRMED', '2022-01-05 02:40:54', '2022-01-05 02:40:54'),
(177, 12, 145, 1, '2022-01-05', 900, 'UNCONFIRMED', '2022-01-05 02:40:54', '2022-01-05 02:40:54'),
(178, 129, 189, 1, '2022-01-05', 100, 'CANCELLED', '2022-01-05 02:40:54', '2022-01-05 02:40:54'),
(179, 37, 152, 1, '2022-01-05', 100, 'CANCELLED', '2022-01-05 02:40:54', '2022-01-05 02:40:54'),
(180, 268, 138, 1, '2022-01-05', 100, 'UNCONFIRMED', '2022-01-05 02:40:54', '2022-01-05 02:40:54'),
(181, 281, 86, 1, '2022-01-05', 900, 'CANCELLED', '2022-01-05 02:40:54', '2022-01-05 02:40:54'),
(182, 101, 184, 1, '2022-01-05', 500, 'CONFIRMED', '2022-01-05 02:40:54', '2022-01-05 02:40:54'),
(183, 109, 170, 1, '2022-01-05', 100, 'CONFIRMED', '2022-01-05 02:40:54', '2022-01-05 02:40:54'),
(184, 93, 202, 1, '2022-01-05', 100, 'CONFIRMED', '2022-01-05 02:40:54', '2022-01-05 02:40:54'),
(185, 49, 56, 1, '2022-01-05', 900, 'CONFIRMED', '2022-01-05 02:40:54', '2022-01-05 02:40:54'),
(186, 115, 129, 1, '2022-01-05', 100, 'CONFIRMED', '2022-01-05 02:40:54', '2022-01-05 02:40:54'),
(187, 167, 60, 1, '2022-01-05', 500, 'UNCONFIRMED', '2022-01-05 02:40:54', '2022-01-05 02:40:54'),
(188, 90, 92, 1, '2022-01-05', 900, 'UNCONFIRMED', '2022-01-05 02:40:54', '2022-01-05 02:40:54'),
(189, 204, 238, 1, '2022-01-05', 100, 'UNCONFIRMED', '2022-01-05 02:40:54', '2022-01-05 02:40:54'),
(190, 69, 224, 1, '2022-01-05', 100, 'CANCELLED', '2022-01-05 02:40:54', '2022-01-05 02:40:54'),
(191, 151, 75, 1, '2022-01-05', 100, 'CANCELLED', '2022-01-05 02:40:54', '2022-01-05 02:40:54'),
(192, 22, 156, 1, '2022-01-05', 100, 'CONFIRMED', '2022-01-05 02:40:54', '2022-01-05 02:40:54'),
(193, 186, 196, 1, '2022-01-05', 500, 'CONFIRMED', '2022-01-05 02:40:54', '2022-01-05 02:40:54'),
(194, 176, 109, 1, '2022-01-05', 100, 'UNCONFIRMED', '2022-01-05 02:40:54', '2022-01-05 02:40:54'),
(195, 9, 183, 1, '2022-01-05', 100, 'CONFIRMED', '2022-01-05 02:40:54', '2022-01-05 02:40:54'),
(196, 193, 246, 1, '2022-01-05', 500, 'CONFIRMED', '2022-01-05 02:40:54', '2022-01-05 02:40:54'),
(197, 132, 96, 1, '2022-01-05', 100, 'CONFIRMED', '2022-01-05 02:40:54', '2022-01-05 02:40:54'),
(198, 63, 45, 1, '2022-01-05', 100, 'CANCELLED', '2022-01-05 02:40:54', '2022-01-05 02:40:54'),
(199, 155, 34, 1, '2022-01-05', 100, 'CONFIRMED', '2022-01-05 02:40:54', '2022-01-05 02:40:54'),
(200, 64, 28, 1, '2022-01-05', 100, 'UNCONFIRMED', '2022-01-05 02:40:54', '2022-01-05 02:40:54'),
(201, 199, 186, 1, '2022-01-05', 100, 'UNCONFIRMED', '2022-01-05 02:40:54', '2022-01-05 02:40:54'),
(202, 184, 226, 1, '2022-01-05', 100, 'CANCELLED', '2022-01-05 02:40:54', '2022-01-05 02:40:54'),
(203, 188, 136, 1, '2022-01-05', 500, 'CONFIRMED', '2022-01-05 02:40:54', '2022-01-05 02:40:54'),
(204, 154, 36, 1, '2022-01-05', 100, 'UNCONFIRMED', '2022-01-05 02:40:54', '2022-01-05 02:40:54'),
(205, 147, 164, 1, '2022-01-05', 900, 'CONFIRMED', '2022-01-05 02:40:54', '2022-01-05 02:40:54'),
(206, 99, 48, 1, '2022-01-05', 500, 'CANCELLED', '2022-01-05 02:40:54', '2022-01-05 02:40:54'),
(207, 226, 187, 1, '2022-01-05', 100, 'CONFIRMED', '2022-01-05 02:40:54', '2022-01-05 02:40:54'),
(208, 189, 70, 1, '2022-01-05', 100, 'CANCELLED', '2022-01-05 02:40:54', '2022-01-05 02:40:54'),
(209, 170, 190, 1, '2022-01-05', 100, 'CANCELLED', '2022-01-05 02:40:54', '2022-01-05 02:40:54'),
(210, 52, 225, 1, '2022-01-05', 900, 'CONFIRMED', '2022-01-05 02:40:54', '2022-01-05 02:40:54'),
(211, 88, 147, 1, '2022-01-05', 100, 'CONFIRMED', '2022-01-05 02:40:54', '2022-01-05 02:40:54'),
(212, 220, 217, 1, '2022-01-05', 100, 'CONFIRMED', '2022-01-05 02:40:54', '2022-01-05 02:40:54'),
(213, 277, 151, 1, '2022-01-05', 100, 'CANCELLED', '2022-01-05 02:40:54', '2022-01-05 02:40:54'),
(214, 247, 167, 1, '2022-01-05', 100, 'UNCONFIRMED', '2022-01-05 02:40:54', '2022-01-05 02:40:54'),
(215, 167, 68, 1, '2022-01-05', 100, 'UNCONFIRMED', '2022-01-05 02:40:54', '2022-01-05 02:40:54'),
(216, 222, 95, 1, '2022-01-05', 900, 'CONFIRMED', '2022-01-05 02:40:54', '2022-01-05 02:40:54'),
(217, 152, 104, 1, '2022-01-05', 100, 'CONFIRMED', '2022-01-05 02:40:54', '2022-01-05 02:40:54'),
(218, 219, 249, 1, '2022-01-05', 500, 'CANCELLED', '2022-01-05 02:40:54', '2022-01-05 02:40:54'),
(219, 288, 132, 1, '2022-01-05', 900, 'CONFIRMED', '2022-01-05 02:40:54', '2022-01-05 02:40:54'),
(220, 35, 230, 1, '2022-01-05', 100, 'CONFIRMED', '2022-01-05 02:40:54', '2022-01-05 02:40:54'),
(221, 245, 34, 1, '2022-01-05', 100, 'UNCONFIRMED', '2022-01-05 02:40:54', '2022-01-05 02:40:54'),
(222, 164, 15, 1, '2022-01-05', 100, 'CONFIRMED', '2022-01-05 02:40:54', '2022-01-05 02:40:54'),
(223, 61, 75, 1, '2022-01-05', 100, 'UNCONFIRMED', '2022-01-05 02:40:54', '2022-01-05 02:40:54'),
(224, 264, 219, 1, '2022-01-05', 500, 'CANCELLED', '2022-01-05 02:40:54', '2022-01-05 02:40:54'),
(225, 203, 125, 1, '2022-01-05', 500, 'CANCELLED', '2022-01-05 02:40:54', '2022-01-05 02:40:54'),
(226, 137, 66, 1, '2022-01-05', 100, 'CANCELLED', '2022-01-05 02:40:54', '2022-01-05 02:40:54'),
(227, 293, 198, 1, '2022-01-05', 100, 'CANCELLED', '2022-01-05 02:40:54', '2022-01-05 02:40:54'),
(228, 7, 103, 1, '2022-01-05', 900, 'CANCELLED', '2022-01-05 02:40:54', '2022-01-05 02:40:54'),
(229, 116, 140, 1, '2022-01-05', 100, 'UNCONFIRMED', '2022-01-05 02:40:54', '2022-01-05 02:40:54'),
(230, 266, 215, 1, '2022-01-05', 100, 'UNCONFIRMED', '2022-01-05 02:40:54', '2022-01-05 02:40:54'),
(231, 281, 207, 1, '2022-01-05', 100, 'CONFIRMED', '2022-01-05 02:40:54', '2022-01-05 02:40:54'),
(232, 64, 88, 1, '2022-01-05', 100, 'CANCELLED', '2022-01-05 02:40:54', '2022-01-05 02:40:54'),
(233, 47, 113, 1, '2022-01-05', 500, 'UNCONFIRMED', '2022-01-05 02:40:54', '2022-01-05 02:40:54'),
(234, 153, 79, 1, '2022-01-05', 500, 'CANCELLED', '2022-01-05 02:40:54', '2022-01-05 02:40:54'),
(235, 37, 123, 1, '2022-01-05', 500, 'UNCONFIRMED', '2022-01-05 02:40:54', '2022-01-05 02:40:54'),
(236, 174, 188, 1, '2022-01-05', 100, 'UNCONFIRMED', '2022-01-05 02:40:54', '2022-01-05 02:40:54'),
(237, 127, 136, 1, '2022-01-05', 500, 'CANCELLED', '2022-01-05 02:40:54', '2022-01-05 02:40:54'),
(238, 248, 209, 1, '2022-01-05', 100, 'CANCELLED', '2022-01-05 02:40:54', '2022-01-05 02:40:54'),
(239, 47, 22, 1, '2022-01-05', 900, 'CANCELLED', '2022-01-05 02:40:54', '2022-01-05 02:40:54'),
(240, 170, 198, 1, '2022-01-05', 100, 'UNCONFIRMED', '2022-01-05 02:40:54', '2022-01-05 02:40:54'),
(241, 142, 137, 1, '2022-01-05', 900, 'UNCONFIRMED', '2022-01-05 02:40:54', '2022-01-05 02:40:54'),
(242, 247, 224, 1, '2022-01-05', 100, 'CANCELLED', '2022-01-05 02:40:54', '2022-01-05 02:40:54'),
(243, 60, 102, 1, '2022-01-05', 100, 'UNCONFIRMED', '2022-01-05 02:40:54', '2022-01-05 02:40:54'),
(244, 256, 129, 1, '2022-01-05', 100, 'UNCONFIRMED', '2022-01-05 02:40:54', '2022-01-05 02:40:54'),
(245, 97, 165, 1, '2022-01-05', 500, 'CONFIRMED', '2022-01-05 02:40:54', '2022-01-05 02:40:54'),
(246, 78, 80, 1, '2022-01-05', 500, 'UNCONFIRMED', '2022-01-05 02:40:54', '2022-01-05 02:40:54'),
(247, 231, 148, 1, '2022-01-05', 100, 'CANCELLED', '2022-01-05 02:40:54', '2022-01-05 02:40:54'),
(248, 227, 32, 1, '2022-01-05', 100, 'CONFIRMED', '2022-01-05 02:40:54', '2022-01-05 02:40:54'),
(249, 70, 9, 1, '2022-01-05', 100, 'CANCELLED', '2022-01-05 02:40:54', '2022-01-05 02:40:54'),
(250, 59, 218, 1, '2022-01-05', 100, 'CONFIRMED', '2022-01-05 02:40:54', '2022-01-05 02:40:54'),
(251, 45, 204, 1, '2022-01-05', 100, 'CONFIRMED', '2022-01-05 02:40:54', '2022-01-05 02:40:54'),
(252, 88, 46, 1, '2022-01-05', 900, 'CONFIRMED', '2022-01-05 02:40:54', '2022-01-05 02:40:54'),
(253, 296, 113, 1, '2022-01-05', 500, 'UNCONFIRMED', '2022-01-05 02:40:54', '2022-01-05 02:40:54'),
(254, 10, 58, 1, '2022-01-05', 100, 'CONFIRMED', '2022-01-05 02:40:54', '2022-01-05 02:40:54'),
(255, 7, 240, 1, '2022-01-05', 100, 'CONFIRMED', '2022-01-05 02:40:54', '2022-01-05 02:40:54'),
(256, 46, 88, 1, '2022-01-05', 100, 'CONFIRMED', '2022-01-05 02:40:54', '2022-01-05 02:40:54'),
(257, 280, 114, 1, '2022-01-05', 100, 'UNCONFIRMED', '2022-01-05 02:40:54', '2022-01-05 02:40:54'),
(258, 177, 223, 1, '2022-01-05', 900, 'CONFIRMED', '2022-01-05 02:40:54', '2022-01-05 02:40:54'),
(259, 174, 187, 1, '2022-01-05', 100, 'CONFIRMED', '2022-01-05 02:40:54', '2022-01-05 02:40:54'),
(260, 37, 182, 1, '2022-01-05', 100, 'UNCONFIRMED', '2022-01-05 02:40:54', '2022-01-05 02:40:54'),
(261, 248, 149, 1, '2022-01-05', 100, 'CONFIRMED', '2022-01-05 02:40:54', '2022-01-05 02:40:54'),
(262, 8, 150, 1, '2022-01-05', 500, 'UNCONFIRMED', '2022-01-05 02:40:54', '2022-01-05 02:40:54'),
(263, 169, 179, 1, '2022-01-05', 500, 'UNCONFIRMED', '2022-01-05 02:40:54', '2022-01-05 02:40:54'),
(264, 59, 167, 1, '2022-01-05', 100, 'UNCONFIRMED', '2022-01-05 02:40:54', '2022-01-05 02:40:54'),
(265, 31, 177, 1, '2022-01-05', 100, 'UNCONFIRMED', '2022-01-05 02:40:54', '2022-01-05 02:40:54'),
(266, 191, 222, 1, '2022-01-05', 900, 'CANCELLED', '2022-01-05 02:40:54', '2022-01-05 02:40:54'),
(267, 266, 122, 1, '2022-01-05', 900, 'UNCONFIRMED', '2022-01-05 02:40:54', '2022-01-05 02:40:54'),
(268, 160, 5, 1, '2022-01-05', 900, 'CONFIRMED', '2022-01-05 02:40:54', '2022-01-05 02:40:54'),
(269, 145, 28, 1, '2022-01-05', 100, 'UNCONFIRMED', '2022-01-05 02:40:54', '2022-01-05 02:40:54'),
(270, 123, 222, 1, '2022-01-05', 900, 'CANCELLED', '2022-01-05 02:40:54', '2022-01-05 02:40:54'),
(271, 89, 30, 1, '2022-01-05', 100, 'CANCELLED', '2022-01-05 02:40:54', '2022-01-05 02:40:54'),
(272, 254, 69, 1, '2022-01-05', 100, 'UNCONFIRMED', '2022-01-05 02:40:54', '2022-01-05 02:40:54'),
(273, 103, 26, 1, '2022-01-05', 100, 'CONFIRMED', '2022-01-05 02:40:54', '2022-01-05 02:40:54'),
(274, 201, 172, 1, '2022-01-05', 500, 'UNCONFIRMED', '2022-01-05 02:40:54', '2022-01-05 02:40:54'),
(275, 91, 190, 1, '2022-01-05', 100, 'CANCELLED', '2022-01-05 02:40:54', '2022-01-05 02:40:54'),
(276, 235, 212, 1, '2022-01-05', 100, 'CANCELLED', '2022-01-05 02:40:54', '2022-01-05 02:40:54'),
(277, 2, 121, 1, '2022-01-05', 100, 'CANCELLED', '2022-01-05 02:40:54', '2022-01-05 02:40:54'),
(278, 20, 33, 1, '2022-01-05', 100, 'CONFIRMED', '2022-01-05 02:40:54', '2022-01-05 02:40:54'),
(279, 1, 174, 1, '2022-01-05', 500, 'CONFIRMED', '2022-01-05 02:40:54', '2022-01-05 02:40:54'),
(280, 278, 180, 1, '2022-01-05', 900, 'CONFIRMED', '2022-01-05 02:40:54', '2022-01-05 02:40:54'),
(281, 273, 47, 1, '2022-01-05', 100, 'CONFIRMED', '2022-01-05 02:40:54', '2022-01-05 02:40:54'),
(282, 141, 73, 1, '2022-01-05', 500, 'CONFIRMED', '2022-01-05 02:40:54', '2022-01-05 02:40:54'),
(283, 155, 222, 1, '2022-01-05', 900, 'CANCELLED', '2022-01-05 02:40:54', '2022-01-05 02:40:54'),
(284, 222, 140, 1, '2022-01-05', 100, 'UNCONFIRMED', '2022-01-05 02:40:54', '2022-01-05 02:40:54'),
(285, 220, 177, 1, '2022-01-05', 100, 'CANCELLED', '2022-01-05 02:40:54', '2022-01-05 02:40:54'),
(286, 38, 7, 1, '2022-01-05', 500, 'CANCELLED', '2022-01-05 02:40:54', '2022-01-05 02:40:54'),
(287, 130, 156, 1, '2022-01-05', 100, 'CONFIRMED', '2022-01-05 02:40:54', '2022-01-05 02:40:54'),
(288, 111, 156, 1, '2022-01-05', 100, 'CONFIRMED', '2022-01-05 02:40:54', '2022-01-05 02:40:54'),
(289, 259, 175, 1, '2022-01-05', 100, 'CANCELLED', '2022-01-05 02:40:54', '2022-01-05 02:40:54'),
(290, 178, 105, 1, '2022-01-05', 100, 'CONFIRMED', '2022-01-05 02:40:54', '2022-01-05 02:40:54'),
(291, 154, 55, 1, '2022-01-05', 500, 'UNCONFIRMED', '2022-01-05 02:40:54', '2022-01-05 02:40:54'),
(292, 83, 222, 1, '2022-01-05', 900, 'CANCELLED', '2022-01-05 02:40:54', '2022-01-05 02:40:54'),
(293, 5, 24, 1, '2022-01-05', 100, 'UNCONFIRMED', '2022-01-05 02:40:54', '2022-01-05 02:40:54'),
(294, 220, 14, 1, '2022-01-05', 100, 'CONFIRMED', '2022-01-05 02:40:54', '2022-01-05 02:40:54'),
(295, 52, 228, 1, '2022-01-05', 900, 'CANCELLED', '2022-01-05 02:40:54', '2022-01-05 02:40:54'),
(296, 103, 242, 1, '2022-01-05', 500, 'UNCONFIRMED', '2022-01-05 02:40:54', '2022-01-05 02:40:54'),
(297, 135, 244, 1, '2022-01-05', 100, 'CONFIRMED', '2022-01-05 02:40:54', '2022-01-05 02:40:54'),
(298, 69, 144, 1, '2022-01-05', 100, 'UNCONFIRMED', '2022-01-05 02:40:54', '2022-01-05 02:40:54'),
(299, 272, 175, 1, '2022-01-05', 100, 'CANCELLED', '2022-01-05 02:40:54', '2022-01-05 02:40:54'),
(300, 92, 72, 1, '2022-01-05', 100, 'UNCONFIRMED', '2022-01-05 02:40:54', '2022-01-05 02:40:54'),
(301, 66, 93, 1, '2022-01-05', 100, 'UNCONFIRMED', '2022-01-05 02:40:54', '2022-01-05 02:40:54'),
(302, 132, 5, 1, '2022-01-05', 900, 'CONFIRMED', '2022-01-05 02:40:54', '2022-01-05 02:40:54'),
(303, 295, 64, 1, '2022-01-05', 100, 'CANCELLED', '2022-01-05 02:40:54', '2022-01-05 02:40:54'),
(304, 245, 145, 1, '2022-01-05', 900, 'CONFIRMED', '2022-01-05 02:40:54', '2022-01-05 02:40:54'),
(305, 245, 45, 1, '2022-01-05', 100, 'CONFIRMED', '2022-01-05 02:40:54', '2022-01-05 02:40:54'),
(306, 67, 52, 1, '2022-01-05', 100, 'UNCONFIRMED', '2022-01-05 02:40:54', '2022-01-05 02:40:54'),
(307, 239, 5, 1, '2022-01-05', 900, 'UNCONFIRMED', '2022-01-05 02:40:54', '2022-01-05 02:40:54'),
(308, 288, 68, 1, '2022-01-05', 100, 'CANCELLED', '2022-01-05 02:40:54', '2022-01-05 02:40:54'),
(309, 100, 59, 1, '2022-01-05', 100, 'UNCONFIRMED', '2022-01-05 02:40:54', '2022-01-05 02:40:54'),
(310, 104, 38, 1, '2022-01-05', 500, 'CONFIRMED', '2022-01-05 02:40:54', '2022-01-05 02:40:54'),
(311, 93, 118, 1, '2022-01-05', 500, 'UNCONFIRMED', '2022-01-05 02:40:54', '2022-01-05 02:40:54'),
(312, 23, 113, 1, '2022-01-05', 500, 'CANCELLED', '2022-01-05 02:40:54', '2022-01-05 02:40:54'),
(313, 299, 100, 1, '2022-01-05', 100, 'CONFIRMED', '2022-01-05 02:40:54', '2022-01-05 02:40:54'),
(314, 251, 79, 1, '2022-01-05', 500, 'CANCELLED', '2022-01-05 02:40:54', '2022-01-05 02:40:54'),
(315, 9, 33, 1, '2022-01-05', 100, 'UNCONFIRMED', '2022-01-05 02:40:54', '2022-01-05 02:40:54'),
(316, 88, 26, 1, '2022-01-05', 100, 'CONFIRMED', '2022-01-05 02:40:54', '2022-01-05 02:40:54'),
(317, 54, 65, 1, '2022-01-05', 100, 'CANCELLED', '2022-01-05 02:40:54', '2022-01-05 02:40:54'),
(318, 168, 194, 1, '2022-01-05', 500, 'UNCONFIRMED', '2022-01-05 02:40:54', '2022-01-05 02:40:54'),
(319, 57, 144, 1, '2022-01-05', 100, 'UNCONFIRMED', '2022-01-05 02:40:54', '2022-01-05 02:40:54'),
(320, 257, 97, 1, '2022-01-05', 100, 'CONFIRMED', '2022-01-05 02:40:54', '2022-01-05 02:40:54'),
(321, 107, 212, 1, '2022-01-05', 100, 'CONFIRMED', '2022-01-05 02:40:54', '2022-01-05 02:40:54'),
(322, 24, 64, 1, '2022-01-05', 100, 'CONFIRMED', '2022-01-05 02:40:54', '2022-01-05 02:40:54'),
(323, 285, 6, 1, '2022-01-05', 500, 'CANCELLED', '2022-01-05 02:40:54', '2022-01-05 02:40:54'),
(324, 14, 116, 1, '2022-01-05', 100, 'CANCELLED', '2022-01-05 02:40:54', '2022-01-05 02:40:54'),
(325, 297, 3, 1, '2022-01-05', 100, 'CANCELLED', '2022-01-05 02:40:54', '2022-01-05 02:40:54'),
(326, 130, 94, 1, '2022-01-05', 100, 'CONFIRMED', '2022-01-05 02:40:54', '2022-01-05 02:40:54'),
(327, 36, 62, 1, '2022-01-05', 100, 'CANCELLED', '2022-01-05 02:40:54', '2022-01-05 02:40:54'),
(328, 166, 14, 1, '2022-01-05', 100, 'CANCELLED', '2022-01-05 02:40:54', '2022-01-05 02:40:54'),
(329, 136, 227, 1, '2022-01-05', 100, 'UNCONFIRMED', '2022-01-05 02:40:54', '2022-01-05 02:40:54'),
(330, 274, 74, 1, '2022-01-05', 500, 'UNCONFIRMED', '2022-01-05 02:40:54', '2022-01-05 02:40:54'),
(331, 223, 71, 1, '2022-01-05', 100, 'CANCELLED', '2022-01-05 02:40:54', '2022-01-05 02:40:54'),
(332, 181, 111, 1, '2022-01-05', 500, 'CANCELLED', '2022-01-05 02:40:54', '2022-01-05 02:40:54'),
(333, 297, 193, 1, '2022-01-05', 100, 'CONFIRMED', '2022-01-05 02:40:54', '2022-01-05 02:40:54'),
(334, 283, 164, 1, '2022-01-05', 900, 'UNCONFIRMED', '2022-01-05 02:40:54', '2022-01-05 02:40:54'),
(335, 253, 14, 1, '2022-01-05', 100, 'CANCELLED', '2022-01-05 02:40:54', '2022-01-05 02:40:54'),
(336, 214, 190, 1, '2022-01-05', 100, 'CANCELLED', '2022-01-05 02:40:54', '2022-01-05 02:40:54'),
(337, 116, 88, 1, '2022-01-05', 100, 'CANCELLED', '2022-01-05 02:40:54', '2022-01-05 02:40:54'),
(338, 125, 120, 1, '2022-01-05', 100, 'UNCONFIRMED', '2022-01-05 02:40:54', '2022-01-05 02:40:54'),
(339, 56, 215, 1, '2022-01-05', 100, 'UNCONFIRMED', '2022-01-05 02:40:54', '2022-01-05 02:40:54'),
(340, 242, 169, 1, '2022-01-05', 100, 'CONFIRMED', '2022-01-05 02:40:54', '2022-01-05 02:40:54'),
(341, 78, 202, 1, '2022-01-05', 100, 'CANCELLED', '2022-01-05 02:40:54', '2022-01-05 02:40:54'),
(342, 104, 64, 1, '2022-01-05', 100, 'CONFIRMED', '2022-01-05 02:40:54', '2022-01-05 02:40:54'),
(343, 40, 54, 1, '2022-01-05', 100, 'UNCONFIRMED', '2022-01-05 02:40:54', '2022-01-05 02:40:54'),
(344, 265, 84, 1, '2022-01-05', 100, 'CANCELLED', '2022-01-05 02:40:54', '2022-01-05 02:40:54'),
(345, 56, 10, 1, '2022-01-05', 100, 'CANCELLED', '2022-01-05 02:40:54', '2022-01-05 02:40:54'),
(346, 133, 157, 1, '2022-01-05', 100, 'UNCONFIRMED', '2022-01-05 02:40:54', '2022-01-05 02:40:54'),
(347, 272, 3, 1, '2022-01-05', 100, 'CONFIRMED', '2022-01-05 02:40:54', '2022-01-05 02:40:54'),
(348, 200, 191, 1, '2022-01-05', 500, 'CONFIRMED', '2022-01-05 02:40:54', '2022-01-05 02:40:54'),
(349, 195, 101, 1, '2022-01-05', 900, 'CONFIRMED', '2022-01-05 02:40:54', '2022-01-05 02:40:54'),
(350, 144, 173, 1, '2022-01-05', 100, 'CANCELLED', '2022-01-05 02:40:54', '2022-01-05 02:40:54'),
(351, 265, 221, 1, '2022-01-05', 900, 'CANCELLED', '2022-01-05 02:40:54', '2022-01-05 02:40:54'),
(352, 209, 188, 1, '2022-01-05', 100, 'UNCONFIRMED', '2022-01-05 02:40:54', '2022-01-05 02:40:54'),
(353, 136, 193, 1, '2022-01-05', 100, 'CANCELLED', '2022-01-05 02:40:54', '2022-01-05 02:40:54'),
(354, 47, 166, 1, '2022-01-05', 100, 'CANCELLED', '2022-01-05 02:40:54', '2022-01-05 02:40:54'),
(355, 65, 68, 1, '2022-01-05', 100, 'CONFIRMED', '2022-01-05 02:40:54', '2022-01-05 02:40:54'),
(356, 111, 195, 1, '2022-01-05', 100, 'CONFIRMED', '2022-01-05 02:40:54', '2022-01-05 02:40:54'),
(357, 24, 219, 1, '2022-01-05', 500, 'CONFIRMED', '2022-01-05 02:40:54', '2022-01-05 02:40:54'),
(358, 268, 185, 1, '2022-01-05', 500, 'CONFIRMED', '2022-01-05 02:40:54', '2022-01-05 02:40:54'),
(359, 192, 153, 1, '2022-01-05', 500, 'CANCELLED', '2022-01-05 02:40:54', '2022-01-05 02:40:54'),
(360, 208, 115, 1, '2022-01-05', 100, 'CONFIRMED', '2022-01-05 02:40:54', '2022-01-05 02:40:54'),
(361, 240, 87, 1, '2022-01-05', 100, 'CANCELLED', '2022-01-05 02:40:54', '2022-01-05 02:40:54'),
(362, 159, 157, 1, '2022-01-05', 100, 'CANCELLED', '2022-01-05 02:40:54', '2022-01-05 02:40:54'),
(363, 105, 80, 1, '2022-01-05', 500, 'CONFIRMED', '2022-01-05 02:40:54', '2022-01-05 02:40:54'),
(364, 137, 237, 1, '2022-01-05', 900, 'CANCELLED', '2022-01-05 02:40:54', '2022-01-05 02:40:54'),
(365, 244, 136, 1, '2022-01-05', 500, 'CONFIRMED', '2022-01-05 02:40:54', '2022-01-05 02:40:54'),
(366, 174, 193, 1, '2022-01-05', 100, 'CONFIRMED', '2022-01-05 02:40:54', '2022-01-05 02:40:54'),
(367, 2, 241, 1, '2022-01-05', 900, 'CONFIRMED', '2022-01-05 02:40:54', '2022-01-05 02:46:52'),
(368, 159, 113, 1, '2022-01-05', 500, 'CANCELLED', '2022-01-05 02:40:54', '2022-01-05 02:40:54'),
(369, 81, 140, 1, '2022-01-05', 100, 'CANCELLED', '2022-01-05 02:40:54', '2022-01-05 02:40:54'),
(370, 154, 247, 1, '2022-01-05', 100, 'UNCONFIRMED', '2022-01-05 02:40:54', '2022-01-05 02:40:54'),
(371, 122, 250, 1, '2022-01-05', 100, 'CANCELLED', '2022-01-05 02:40:54', '2022-01-05 02:40:54'),
(372, 15, 168, 1, '2022-01-05', 500, 'CANCELLED', '2022-01-05 02:40:54', '2022-01-05 02:40:54'),
(373, 64, 153, 1, '2022-01-05', 500, 'UNCONFIRMED', '2022-01-05 02:40:54', '2022-01-05 02:40:54'),
(374, 184, 236, 1, '2022-01-05', 100, 'CANCELLED', '2022-01-05 02:40:54', '2022-01-05 02:40:54'),
(375, 8, 120, 1, '2022-01-05', 100, 'UNCONFIRMED', '2022-01-05 02:40:54', '2022-01-05 02:40:54'),
(376, 141, 35, 1, '2022-01-05', 100, 'UNCONFIRMED', '2022-01-05 02:40:54', '2022-01-05 02:40:54'),
(377, 31, 113, 1, '2022-01-05', 500, 'UNCONFIRMED', '2022-01-05 02:40:54', '2022-01-05 02:40:54'),
(378, 219, 51, 1, '2022-01-05', 100, 'CANCELLED', '2022-01-05 02:40:54', '2022-01-05 02:40:54'),
(379, 54, 29, 1, '2022-01-05', 500, 'CANCELLED', '2022-01-05 02:40:54', '2022-01-05 02:40:54'),
(380, 165, 47, 1, '2022-01-05', 100, 'CONFIRMED', '2022-01-05 02:40:54', '2022-01-05 02:40:54'),
(381, 192, 198, 1, '2022-01-05', 100, 'CONFIRMED', '2022-01-05 02:40:54', '2022-01-05 02:40:54'),
(382, 283, 123, 1, '2022-01-05', 500, 'UNCONFIRMED', '2022-01-05 02:40:54', '2022-01-05 02:40:54'),
(383, 253, 104, 1, '2022-01-05', 100, 'UNCONFIRMED', '2022-01-05 02:40:54', '2022-01-05 02:40:54'),
(384, 162, 75, 1, '2022-01-05', 100, 'CONFIRMED', '2022-01-05 02:40:54', '2022-01-05 02:40:54'),
(385, 60, 191, 1, '2022-01-05', 500, 'CANCELLED', '2022-01-05 02:40:54', '2022-01-05 02:40:54'),
(386, 138, 63, 1, '2022-01-05', 100, 'UNCONFIRMED', '2022-01-05 02:40:54', '2022-01-05 02:40:54'),
(387, 266, 234, 1, '2022-01-05', 100, 'UNCONFIRMED', '2022-01-05 02:40:54', '2022-01-05 02:40:54'),
(388, 8, 2, 1, '2022-01-05', 100, 'CONFIRMED', '2022-01-05 02:40:54', '2022-01-05 02:40:54'),
(389, 136, 25, 1, '2022-01-05', 100, 'CONFIRMED', '2022-01-05 02:40:54', '2022-01-05 02:40:54'),
(390, 188, 2, 1, '2022-01-05', 100, 'UNCONFIRMED', '2022-01-05 02:40:54', '2022-01-05 02:40:54'),
(391, 219, 188, 1, '2022-01-05', 100, 'CANCELLED', '2022-01-05 02:40:54', '2022-01-05 02:40:54'),
(392, 23, 55, 1, '2022-01-05', 500, 'CANCELLED', '2022-01-05 02:40:54', '2022-01-05 02:40:54'),
(393, 250, 188, 1, '2022-01-05', 100, 'CANCELLED', '2022-01-05 02:40:54', '2022-01-05 02:40:54'),
(394, 240, 204, 1, '2022-01-05', 100, 'CONFIRMED', '2022-01-05 02:40:54', '2022-01-05 02:40:54'),
(395, 82, 229, 1, '2022-01-05', 100, 'CONFIRMED', '2022-01-05 02:40:54', '2022-01-05 02:40:54'),
(396, 209, 57, 1, '2022-01-05', 500, 'UNCONFIRMED', '2022-01-05 02:40:54', '2022-01-05 02:40:54'),
(397, 63, 216, 1, '2022-01-05', 100, 'CANCELLED', '2022-01-05 02:40:54', '2022-01-05 02:40:54'),
(398, 193, 121, 1, '2022-01-05', 100, 'UNCONFIRMED', '2022-01-05 02:40:54', '2022-01-05 02:40:54'),
(399, 63, 99, 1, '2022-01-05', 100, 'CANCELLED', '2022-01-05 02:40:54', '2022-01-05 02:40:54'),
(400, 180, 6, 1, '2022-01-05', 500, 'UNCONFIRMED', '2022-01-05 02:40:54', '2022-01-05 02:40:54'),
(401, 248, 33, 1, '2022-01-05', 100, 'UNCONFIRMED', '2022-01-05 02:40:54', '2022-01-05 02:40:54'),
(402, 199, 52, 1, '2022-01-05', 100, 'UNCONFIRMED', '2022-01-05 02:40:54', '2022-01-05 02:40:54'),
(403, 63, 182, 1, '2022-01-05', 100, 'CANCELLED', '2022-01-05 02:40:54', '2022-01-05 02:40:54'),
(404, 299, 102, 1, '2022-01-05', 100, 'UNCONFIRMED', '2022-01-05 02:40:54', '2022-01-05 02:40:54'),
(405, 10, 93, 1, '2022-01-05', 100, 'CONFIRMED', '2022-01-05 02:40:54', '2022-01-05 02:40:54'),
(406, 61, 146, 1, '2022-01-05', 100, 'UNCONFIRMED', '2022-01-05 02:40:54', '2022-01-05 02:40:54'),
(407, 162, 194, 1, '2022-01-05', 500, 'CONFIRMED', '2022-01-05 02:40:54', '2022-01-05 02:40:54'),
(408, 200, 160, 1, '2022-01-05', 900, 'CANCELLED', '2022-01-05 02:40:54', '2022-01-05 02:40:54'),
(409, 251, 79, 1, '2022-01-05', 500, 'CONFIRMED', '2022-01-05 02:40:54', '2022-01-05 02:40:54'),
(410, 101, 86, 1, '2022-01-05', 900, 'CONFIRMED', '2022-01-05 02:40:54', '2022-01-05 02:40:54'),
(411, 120, 207, 1, '2022-01-05', 100, 'UNCONFIRMED', '2022-01-05 02:40:54', '2022-01-05 02:40:54'),
(412, 103, 214, 1, '2022-01-05', 500, 'CONFIRMED', '2022-01-05 02:40:54', '2022-01-05 02:40:54'),
(413, 212, 135, 1, '2022-01-05', 900, 'CANCELLED', '2022-01-05 02:40:54', '2022-01-05 02:40:54'),
(414, 272, 42, 1, '2022-01-05', 100, 'CONFIRMED', '2022-01-05 02:40:54', '2022-01-05 02:40:54'),
(415, 159, 8, 1, '2022-01-05', 100, 'CONFIRMED', '2022-01-05 02:40:54', '2022-01-05 02:40:54'),
(416, 214, 136, 1, '2022-01-05', 500, 'CANCELLED', '2022-01-05 02:40:54', '2022-01-05 02:40:54'),
(417, 295, 181, 1, '2022-01-05', 100, 'CANCELLED', '2022-01-05 02:40:54', '2022-01-05 02:40:54'),
(418, 231, 116, 1, '2022-01-05', 100, 'UNCONFIRMED', '2022-01-05 02:40:54', '2022-01-05 02:40:54'),
(419, 191, 162, 1, '2022-01-05', 900, 'CANCELLED', '2022-01-05 02:40:54', '2022-01-05 02:40:54'),
(420, 234, 208, 1, '2022-01-05', 500, 'CANCELLED', '2022-01-05 02:40:54', '2022-01-05 02:40:54'),
(421, 51, 50, 1, '2022-01-05', 900, 'UNCONFIRMED', '2022-01-05 02:40:54', '2022-01-05 02:40:54'),
(422, 289, 155, 1, '2022-01-05', 500, 'CANCELLED', '2022-01-05 02:40:54', '2022-01-05 02:40:54'),
(423, 227, 126, 1, '2022-01-05', 500, 'CANCELLED', '2022-01-05 02:40:54', '2022-01-05 02:40:54'),
(424, 228, 96, 1, '2022-01-05', 100, 'CONFIRMED', '2022-01-05 02:40:54', '2022-01-05 02:40:54'),
(425, 213, 200, 1, '2022-01-05', 100, 'CANCELLED', '2022-01-05 02:40:54', '2022-01-05 02:40:54'),
(426, 70, 178, 1, '2022-01-05', 100, 'CANCELLED', '2022-01-05 02:40:54', '2022-01-05 02:40:54'),
(427, 241, 142, 1, '2022-01-05', 100, 'UNCONFIRMED', '2022-01-05 02:40:54', '2022-01-05 02:40:54'),
(428, 21, 26, 1, '2022-01-05', 100, 'UNCONFIRMED', '2022-01-05 02:40:54', '2022-01-05 02:40:54'),
(429, 86, 10, 1, '2022-01-05', 100, 'UNCONFIRMED', '2022-01-05 02:40:54', '2022-01-05 02:40:54'),
(430, 158, 71, 1, '2022-01-05', 100, 'CANCELLED', '2022-01-05 02:40:54', '2022-01-05 02:40:54'),
(431, 80, 55, 1, '2022-01-05', 500, 'UNCONFIRMED', '2022-01-05 02:40:54', '2022-01-05 02:40:54'),
(432, 41, 99, 1, '2022-01-05', 100, 'CANCELLED', '2022-01-05 02:40:54', '2022-01-05 02:40:54'),
(433, 27, 54, 1, '2022-01-05', 100, 'UNCONFIRMED', '2022-01-05 02:40:54', '2022-01-05 02:40:54'),
(434, 234, 33, 1, '2022-01-05', 100, 'UNCONFIRMED', '2022-01-05 02:40:54', '2022-01-05 02:40:54'),
(435, 239, 223, 1, '2022-01-05', 900, 'CANCELLED', '2022-01-05 02:40:54', '2022-01-05 02:40:54'),
(436, 51, 111, 1, '2022-01-05', 500, 'CONFIRMED', '2022-01-05 02:40:54', '2022-01-05 02:40:54'),
(437, 9, 58, 1, '2022-01-05', 100, 'UNCONFIRMED', '2022-01-05 02:40:54', '2022-01-05 02:40:54'),
(438, 186, 187, 1, '2022-01-05', 100, 'UNCONFIRMED', '2022-01-05 02:40:54', '2022-01-05 02:40:54'),
(439, 79, 158, 1, '2022-01-05', 900, 'CONFIRMED', '2022-01-05 02:40:54', '2022-01-05 02:40:54'),
(440, 243, 134, 1, '2022-01-05', 100, 'UNCONFIRMED', '2022-01-05 02:40:54', '2022-01-05 02:40:54'),
(441, 162, 245, 1, '2022-01-05', 100, 'UNCONFIRMED', '2022-01-05 02:40:54', '2022-01-05 02:40:54'),
(442, 206, 98, 1, '2022-01-05', 100, 'UNCONFIRMED', '2022-01-05 02:40:54', '2022-01-05 02:40:54'),
(443, 52, 102, 1, '2022-01-05', 100, 'CONFIRMED', '2022-01-05 02:40:54', '2022-01-05 02:40:54'),
(444, 287, 103, 1, '2022-01-05', 900, 'CANCELLED', '2022-01-05 02:40:54', '2022-01-05 02:40:54'),
(445, 86, 46, 1, '2022-01-05', 900, 'UNCONFIRMED', '2022-01-05 02:40:54', '2022-01-05 02:40:54'),
(446, 184, 171, 1, '2022-01-05', 100, 'UNCONFIRMED', '2022-01-05 02:40:54', '2022-01-05 02:40:54'),
(447, 95, 61, 1, '2022-01-05', 100, 'UNCONFIRMED', '2022-01-05 02:40:54', '2022-01-05 02:40:54'),
(448, 169, 149, 1, '2022-01-05', 100, 'CONFIRMED', '2022-01-05 02:40:54', '2022-01-05 02:40:54'),
(449, 161, 223, 1, '2022-01-05', 900, 'CONFIRMED', '2022-01-05 02:40:54', '2022-01-05 02:40:54'),
(450, 6, 193, 1, '2022-01-05', 100, 'CONFIRMED', '2022-01-05 02:40:54', '2022-01-05 02:40:54'),
(451, 50, 187, 1, '2022-01-05', 100, 'CANCELLED', '2022-01-05 02:40:54', '2022-01-05 02:40:54'),
(452, 48, 6, 1, '2022-01-05', 500, 'CONFIRMED', '2022-01-05 02:40:54', '2022-01-05 02:40:54'),
(453, 113, 71, 1, '2022-01-05', 100, 'CANCELLED', '2022-01-05 02:40:54', '2022-01-05 02:40:54'),
(454, 285, 180, 1, '2022-01-05', 900, 'UNCONFIRMED', '2022-01-05 02:40:54', '2022-01-05 02:40:54'),
(455, 48, 200, 1, '2022-01-05', 100, 'UNCONFIRMED', '2022-01-05 02:40:54', '2022-01-05 02:40:54'),
(456, 49, 151, 1, '2022-01-05', 100, 'CONFIRMED', '2022-01-05 02:40:54', '2022-01-05 02:40:54'),
(457, 207, 120, 1, '2022-01-05', 100, 'CANCELLED', '2022-01-05 02:40:54', '2022-01-05 02:40:54'),
(458, 120, 10, 1, '2022-01-05', 100, 'UNCONFIRMED', '2022-01-05 02:40:54', '2022-01-05 02:40:54'),
(459, 131, 83, 1, '2022-01-05', 500, 'CANCELLED', '2022-01-05 02:40:54', '2022-01-05 02:40:54'),
(460, 265, 180, 1, '2022-01-05', 900, 'UNCONFIRMED', '2022-01-05 02:40:54', '2022-01-05 02:40:54'),
(461, 256, 93, 1, '2022-01-05', 100, 'CANCELLED', '2022-01-05 02:40:54', '2022-01-05 02:40:54'),
(462, 278, 116, 1, '2022-01-05', 100, 'UNCONFIRMED', '2022-01-05 02:40:54', '2022-01-05 02:40:54'),
(463, 294, 39, 1, '2022-01-05', 100, 'CANCELLED', '2022-01-05 02:40:54', '2022-01-05 02:40:54'),
(464, 182, 189, 1, '2022-01-05', 100, 'CANCELLED', '2022-01-05 02:40:54', '2022-01-05 02:40:54'),
(465, 234, 54, 1, '2022-01-05', 100, 'CONFIRMED', '2022-01-05 02:40:54', '2022-01-05 02:40:54'),
(466, 55, 227, 1, '2022-01-05', 100, 'CONFIRMED', '2022-01-05 02:40:54', '2022-01-05 02:40:54'),
(467, 26, 86, 1, '2022-01-05', 900, 'CONFIRMED', '2022-01-05 02:40:54', '2022-01-05 02:40:54'),
(468, 27, 135, 1, '2022-01-05', 900, 'UNCONFIRMED', '2022-01-05 02:40:54', '2022-01-05 02:40:54'),
(469, 215, 215, 1, '2022-01-05', 100, 'CONFIRMED', '2022-01-05 02:40:54', '2022-01-05 02:40:54'),
(470, 99, 97, 1, '2022-01-05', 100, 'CANCELLED', '2022-01-05 02:40:54', '2022-01-05 02:40:54'),
(471, 158, 76, 1, '2022-01-05', 500, 'CONFIRMED', '2022-01-05 02:40:54', '2022-01-05 02:40:54'),
(472, 286, 249, 1, '2022-01-05', 500, 'UNCONFIRMED', '2022-01-05 02:40:54', '2022-01-05 02:40:54'),
(473, 110, 53, 1, '2022-01-05', 500, 'CONFIRMED', '2022-01-05 02:40:54', '2022-01-05 02:40:54'),
(474, 1, 99, 1, '2022-01-05', 100, 'CANCELLED', '2022-01-05 02:40:54', '2022-01-05 02:40:54'),
(475, 9, 84, 1, '2022-01-05', 100, 'CONFIRMED', '2022-01-05 02:40:54', '2022-01-05 02:40:54'),
(476, 55, 208, 1, '2022-01-05', 500, 'CANCELLED', '2022-01-05 02:40:54', '2022-01-05 02:40:54'),
(477, 160, 48, 1, '2022-01-05', 500, 'CANCELLED', '2022-01-05 02:40:54', '2022-01-05 02:40:54'),
(478, 10, 93, 1, '2022-01-05', 100, 'UNCONFIRMED', '2022-01-05 02:40:54', '2022-01-05 02:40:54'),
(479, 239, 234, 1, '2022-01-05', 100, 'CONFIRMED', '2022-01-05 02:40:54', '2022-01-05 02:40:54'),
(480, 39, 78, 1, '2022-01-05', 500, 'UNCONFIRMED', '2022-01-05 02:40:54', '2022-01-05 02:40:54'),
(481, 76, 176, 1, '2022-01-05', 100, 'CANCELLED', '2022-01-05 02:40:54', '2022-01-05 02:40:54'),
(482, 214, 123, 1, '2022-01-05', 500, 'CANCELLED', '2022-01-05 02:40:54', '2022-01-05 02:40:54'),
(483, 264, 109, 1, '2022-01-05', 100, 'UNCONFIRMED', '2022-01-05 02:40:54', '2022-01-05 02:40:54'),
(484, 185, 78, 1, '2022-01-05', 500, 'CONFIRMED', '2022-01-05 02:40:54', '2022-01-05 02:40:54'),
(485, 161, 77, 1, '2022-01-05', 100, 'CANCELLED', '2022-01-05 02:40:54', '2022-01-05 02:40:54'),
(486, 134, 80, 1, '2022-01-05', 500, 'UNCONFIRMED', '2022-01-05 02:40:54', '2022-01-05 02:40:54'),
(487, 20, 38, 1, '2022-01-05', 500, 'CONFIRMED', '2022-01-05 02:40:54', '2022-01-05 02:40:54'),
(488, 122, 57, 1, '2022-01-05', 500, 'CANCELLED', '2022-01-05 02:40:54', '2022-01-05 02:40:54'),
(489, 45, 122, 1, '2022-01-05', 900, 'CANCELLED', '2022-01-05 02:40:54', '2022-01-05 02:40:54'),
(490, 293, 114, 1, '2022-01-05', 100, 'UNCONFIRMED', '2022-01-05 02:40:54', '2022-01-05 02:40:54'),
(491, 186, 22, 1, '2022-01-05', 900, 'UNCONFIRMED', '2022-01-05 02:40:54', '2022-01-05 02:40:54'),
(492, 269, 151, 1, '2022-01-05', 100, 'CONFIRMED', '2022-01-05 02:40:54', '2022-01-05 02:40:54'),
(493, 214, 91, 1, '2022-01-05', 500, 'CONFIRMED', '2022-01-05 02:40:54', '2022-01-05 02:40:54'),
(494, 159, 100, 1, '2022-01-05', 100, 'UNCONFIRMED', '2022-01-05 02:40:54', '2022-01-05 02:40:54'),
(495, 66, 97, 1, '2022-01-05', 100, 'UNCONFIRMED', '2022-01-05 02:40:54', '2022-01-05 02:40:54'),
(496, 123, 84, 1, '2022-01-05', 100, 'CONFIRMED', '2022-01-05 02:40:54', '2022-01-05 02:40:54'),
(497, 213, 15, 1, '2022-01-05', 100, 'CANCELLED', '2022-01-05 02:40:54', '2022-01-05 02:40:54'),
(498, 38, 224, 1, '2022-01-05', 100, 'UNCONFIRMED', '2022-01-05 02:40:54', '2022-01-05 02:40:54'),
(499, 90, 181, 1, '2022-01-05', 100, 'CANCELLED', '2022-01-05 02:40:54', '2022-01-05 02:40:54'),
(500, 209, 248, 1, '2022-01-05', 100, 'CANCELLED', '2022-01-05 02:40:54', '2022-01-05 02:40:54'),
(501, 122, 80, 1, '2022-01-05', 500, 'UNCONFIRMED', '2022-01-05 02:40:54', '2022-01-05 02:40:54'),
(502, 91, 57, 1, '2022-01-05', 500, 'UNCONFIRMED', '2022-01-05 02:40:54', '2022-01-05 02:40:54'),
(503, 232, 114, 1, '2022-01-05', 100, 'CONFIRMED', '2022-01-05 02:40:54', '2022-01-05 02:40:54'),
(504, 284, 92, 1, '2022-01-05', 900, 'CONFIRMED', '2022-01-05 02:40:54', '2022-01-05 02:40:54'),
(505, 239, 60, 1, '2022-01-05', 500, 'UNCONFIRMED', '2022-01-05 02:40:54', '2022-01-05 02:40:54'),
(506, 279, 69, 1, '2022-01-05', 100, 'CANCELLED', '2022-01-05 02:40:54', '2022-01-05 02:40:54'),
(507, 145, 178, 1, '2022-01-05', 100, 'UNCONFIRMED', '2022-01-05 02:40:54', '2022-01-05 02:40:54'),
(508, 68, 9, 1, '2022-01-05', 100, 'CONFIRMED', '2022-01-05 02:40:54', '2022-01-05 02:40:54'),
(509, 131, 217, 1, '2022-01-05', 100, 'CONFIRMED', '2022-01-05 02:40:54', '2022-01-05 02:40:54'),
(510, 265, 245, 1, '2022-01-05', 100, 'CANCELLED', '2022-01-05 02:40:54', '2022-01-05 02:40:54'),
(511, 174, 209, 1, '2022-01-05', 100, 'CANCELLED', '2022-01-05 02:40:54', '2022-01-05 02:40:54'),
(512, 211, 155, 1, '2022-01-05', 500, 'CANCELLED', '2022-01-05 02:40:54', '2022-01-05 02:40:54'),
(513, 1, 162, 1, '2022-01-05', 900, 'CONFIRMED', '2022-01-05 02:40:54', '2022-01-05 02:40:54'),
(514, 224, 197, 1, '2022-01-05', 100, 'CANCELLED', '2022-01-05 02:40:54', '2022-01-05 02:40:54'),
(515, 41, 8, 1, '2022-01-05', 100, 'UNCONFIRMED', '2022-01-05 02:40:54', '2022-01-05 02:40:54'),
(516, 199, 70, 1, '2022-01-05', 100, 'UNCONFIRMED', '2022-01-05 02:40:54', '2022-01-05 02:40:54'),
(517, 240, 103, 1, '2022-01-05', 900, 'CANCELLED', '2022-01-05 02:40:54', '2022-01-05 02:40:54'),
(518, 122, 249, 1, '2022-01-05', 500, 'CONFIRMED', '2022-01-05 02:40:54', '2022-01-05 02:40:54'),
(519, 195, 216, 1, '2022-01-05', 100, 'CANCELLED', '2022-01-05 02:40:54', '2022-01-05 02:40:54'),
(520, 7, 66, 1, '2022-01-05', 100, 'CONFIRMED', '2022-01-05 02:40:54', '2022-01-05 02:40:54'),
(521, 192, 177, 1, '2022-01-05', 100, 'UNCONFIRMED', '2022-01-05 02:40:54', '2022-01-05 02:40:54');
INSERT INTO `orders` (`orderID`, `customerID`, `tripID`, `Quantity`, `Date`, `AmountDue`, `Status`, `orderCreationDT`, `statusChangeDT`) VALUES
(522, 231, 87, 1, '2022-01-05', 100, 'CANCELLED', '2022-01-05 02:40:54', '2022-01-05 02:40:54'),
(523, 209, 102, 1, '2022-01-05', 100, 'CONFIRMED', '2022-01-05 02:40:54', '2022-01-05 02:40:54'),
(524, 263, 175, 1, '2022-01-05', 100, 'UNCONFIRMED', '2022-01-05 02:40:54', '2022-01-05 02:40:54'),
(525, 46, 242, 1, '2022-01-05', 500, 'CONFIRMED', '2022-01-05 02:40:54', '2022-01-05 02:40:54'),
(526, 31, 51, 1, '2022-01-05', 100, 'UNCONFIRMED', '2022-01-05 02:40:54', '2022-01-05 02:40:54'),
(527, 227, 213, 1, '2022-01-05', 100, 'CONFIRMED', '2022-01-05 02:40:54', '2022-01-05 02:40:54'),
(528, 150, 243, 1, '2022-01-05', 100, 'CANCELLED', '2022-01-05 02:40:54', '2022-01-05 02:40:54'),
(529, 113, 136, 1, '2022-01-05', 500, 'CANCELLED', '2022-01-05 02:40:54', '2022-01-05 02:40:54'),
(530, 169, 246, 1, '2022-01-05', 500, 'UNCONFIRMED', '2022-01-05 02:40:54', '2022-01-05 02:40:54'),
(531, 198, 212, 1, '2022-01-05', 100, 'UNCONFIRMED', '2022-01-05 02:40:54', '2022-01-05 02:40:54'),
(532, 58, 198, 1, '2022-01-05', 100, 'CONFIRMED', '2022-01-05 02:40:54', '2022-01-05 02:40:54'),
(533, 132, 5, 1, '2022-01-05', 900, 'CONFIRMED', '2022-01-05 02:40:54', '2022-01-05 02:40:54'),
(534, 170, 201, 1, '2022-01-05', 100, 'UNCONFIRMED', '2022-01-05 02:40:54', '2022-01-05 02:40:54'),
(535, 35, 25, 1, '2022-01-05', 100, 'CANCELLED', '2022-01-05 02:40:54', '2022-01-05 02:40:54'),
(536, 98, 182, 1, '2022-01-05', 100, 'UNCONFIRMED', '2022-01-05 02:40:54', '2022-01-05 02:40:54'),
(537, 186, 1, 1, '2022-01-05', 900, 'UNCONFIRMED', '2022-01-05 02:40:54', '2022-01-05 02:40:54'),
(538, 265, 163, 1, '2022-01-05', 500, 'UNCONFIRMED', '2022-01-05 02:40:54', '2022-01-05 02:40:54'),
(539, 132, 111, 1, '2022-01-05', 500, 'UNCONFIRMED', '2022-01-05 02:40:54', '2022-01-05 02:40:54'),
(540, 30, 137, 1, '2022-01-05', 900, 'CANCELLED', '2022-01-05 02:40:54', '2022-01-05 02:40:54'),
(541, 36, 27, 1, '2022-01-05', 500, 'CONFIRMED', '2022-01-05 02:40:54', '2022-01-05 02:40:54'),
(542, 141, 174, 1, '2022-01-05', 500, 'UNCONFIRMED', '2022-01-05 02:40:54', '2022-01-05 02:40:54'),
(543, 45, 118, 1, '2022-01-05', 500, 'UNCONFIRMED', '2022-01-05 02:40:54', '2022-01-05 02:40:54'),
(544, 148, 105, 1, '2022-01-05', 100, 'UNCONFIRMED', '2022-01-05 02:40:54', '2022-01-05 02:40:54'),
(545, 188, 117, 1, '2022-01-05', 100, 'CANCELLED', '2022-01-05 02:40:54', '2022-01-05 02:40:54'),
(546, 183, 220, 1, '2022-01-05', 500, 'UNCONFIRMED', '2022-01-05 02:40:54', '2022-01-05 02:40:54'),
(547, 74, 169, 1, '2022-01-05', 100, 'CANCELLED', '2022-01-05 02:40:54', '2022-01-05 02:40:54'),
(548, 99, 141, 1, '2022-01-05', 100, 'UNCONFIRMED', '2022-01-05 02:40:54', '2022-01-05 02:40:54'),
(549, 117, 119, 1, '2022-01-05', 100, 'CONFIRMED', '2022-01-05 02:40:54', '2022-01-05 02:40:54'),
(550, 290, 57, 1, '2022-01-05', 500, 'CONFIRMED', '2022-01-05 02:40:54', '2022-01-05 02:40:54'),
(551, 87, 214, 1, '2022-01-05', 500, 'UNCONFIRMED', '2022-01-05 02:40:54', '2022-01-05 02:40:54'),
(552, 135, 124, 1, '2022-01-05', 100, 'CONFIRMED', '2022-01-05 02:40:54', '2022-01-05 02:40:54'),
(553, 200, 194, 1, '2022-01-05', 500, 'CANCELLED', '2022-01-05 02:40:54', '2022-01-05 02:40:54'),
(554, 278, 33, 1, '2022-01-05', 100, 'UNCONFIRMED', '2022-01-05 02:40:54', '2022-01-05 02:40:54'),
(555, 115, 55, 1, '2022-01-05', 500, 'CANCELLED', '2022-01-05 02:40:54', '2022-01-05 02:40:54'),
(556, 97, 127, 1, '2022-01-05', 100, 'UNCONFIRMED', '2022-01-05 02:40:54', '2022-01-05 02:40:54'),
(557, 133, 222, 1, '2022-01-05', 900, 'CANCELLED', '2022-01-05 02:40:54', '2022-01-05 02:40:54'),
(558, 93, 24, 1, '2022-01-05', 100, 'CANCELLED', '2022-01-05 02:40:54', '2022-01-05 02:40:54'),
(559, 136, 26, 1, '2022-01-05', 100, 'UNCONFIRMED', '2022-01-05 02:40:54', '2022-01-05 02:40:54'),
(560, 81, 198, 1, '2022-01-05', 100, 'CONFIRMED', '2022-01-05 02:40:54', '2022-01-05 02:40:54'),
(561, 186, 61, 1, '2022-01-05', 100, 'UNCONFIRMED', '2022-01-05 02:40:54', '2022-01-05 02:40:54'),
(562, 55, 159, 1, '2022-01-05', 100, 'CONFIRMED', '2022-01-05 02:40:54', '2022-01-05 02:40:54'),
(563, 210, 44, 1, '2022-01-05', 100, 'CONFIRMED', '2022-01-05 02:40:54', '2022-01-05 02:40:54'),
(564, 183, 223, 1, '2022-01-05', 900, 'CANCELLED', '2022-01-05 02:40:54', '2022-01-05 02:40:54'),
(565, 290, 103, 1, '2022-01-05', 900, 'UNCONFIRMED', '2022-01-05 02:40:54', '2022-01-05 02:40:54'),
(566, 248, 59, 1, '2022-01-05', 100, 'CONFIRMED', '2022-01-05 02:40:54', '2022-01-05 02:40:54'),
(567, 141, 176, 1, '2022-01-05', 100, 'CONFIRMED', '2022-01-05 02:40:54', '2022-01-05 02:40:54'),
(568, 197, 140, 1, '2022-01-05', 100, 'UNCONFIRMED', '2022-01-05 02:40:54', '2022-01-05 02:40:54'),
(569, 11, 188, 1, '2022-01-05', 100, 'UNCONFIRMED', '2022-01-05 02:40:54', '2022-01-05 02:40:54'),
(570, 139, 218, 1, '2022-01-05', 100, 'CONFIRMED', '2022-01-05 02:40:54', '2022-01-05 02:40:54'),
(571, 226, 201, 1, '2022-01-05', 100, 'CANCELLED', '2022-01-05 02:40:54', '2022-01-05 02:40:54'),
(572, 57, 81, 1, '2022-01-05', 100, 'UNCONFIRMED', '2022-01-05 02:40:54', '2022-01-05 02:40:54'),
(573, 91, 11, 1, '2022-01-05', 100, 'CANCELLED', '2022-01-05 02:40:54', '2022-01-05 02:40:54'),
(574, 228, 60, 1, '2022-01-05', 500, 'UNCONFIRMED', '2022-01-05 02:40:54', '2022-01-05 02:40:54'),
(575, 269, 212, 1, '2022-01-05', 100, 'CANCELLED', '2022-01-05 02:40:54', '2022-01-05 02:40:54'),
(576, 39, 209, 1, '2022-01-05', 100, 'CONFIRMED', '2022-01-05 02:40:54', '2022-01-05 02:40:54'),
(577, 42, 101, 1, '2022-01-05', 900, 'CANCELLED', '2022-01-05 02:40:54', '2022-01-05 02:40:54'),
(578, 142, 167, 1, '2022-01-05', 100, 'CONFIRMED', '2022-01-05 02:40:54', '2022-01-05 02:40:54'),
(579, 283, 217, 1, '2022-01-05', 100, 'UNCONFIRMED', '2022-01-05 02:40:54', '2022-01-05 02:40:54'),
(580, 209, 167, 1, '2022-01-05', 100, 'CONFIRMED', '2022-01-05 02:40:54', '2022-01-05 02:40:54'),
(581, 46, 141, 1, '2022-01-05', 100, 'UNCONFIRMED', '2022-01-05 02:40:54', '2022-01-05 02:40:54'),
(582, 254, 153, 1, '2022-01-05', 500, 'CONFIRMED', '2022-01-05 02:40:54', '2022-01-05 02:40:54'),
(583, 94, 128, 1, '2022-01-05', 100, 'CONFIRMED', '2022-01-05 02:40:54', '2022-01-05 02:40:54'),
(584, 210, 37, 1, '2022-01-05', 100, 'CANCELLED', '2022-01-05 02:40:54', '2022-01-05 02:40:54'),
(585, 5, 100, 1, '2022-01-05', 100, 'CONFIRMED', '2022-01-05 02:40:55', '2022-01-05 02:40:55'),
(586, 113, 84, 1, '2022-01-05', 100, 'CONFIRMED', '2022-01-05 02:40:55', '2022-01-05 02:40:55'),
(587, 285, 100, 1, '2022-01-05', 100, 'CONFIRMED', '2022-01-05 02:40:55', '2022-01-05 02:40:55'),
(588, 141, 238, 1, '2022-01-05', 100, 'CONFIRMED', '2022-01-05 02:40:55', '2022-01-05 02:40:55'),
(589, 170, 226, 1, '2022-01-05', 100, 'UNCONFIRMED', '2022-01-05 02:40:55', '2022-01-05 02:40:55'),
(590, 175, 43, 1, '2022-01-05', 100, 'CONFIRMED', '2022-01-05 02:40:55', '2022-01-05 02:40:55'),
(591, 237, 31, 1, '2022-01-05', 900, 'UNCONFIRMED', '2022-01-05 02:40:55', '2022-01-05 02:40:55'),
(592, 39, 147, 1, '2022-01-05', 100, 'UNCONFIRMED', '2022-01-05 02:40:55', '2022-01-05 02:40:55'),
(593, 25, 22, 1, '2022-01-05', 900, 'CANCELLED', '2022-01-05 02:40:55', '2022-01-05 02:40:55'),
(594, 109, 66, 1, '2022-01-05', 100, 'UNCONFIRMED', '2022-01-05 02:40:55', '2022-01-05 02:40:55'),
(595, 199, 16, 1, '2022-01-05', 100, 'CONFIRMED', '2022-01-05 02:40:55', '2022-01-05 02:40:55'),
(596, 286, 216, 1, '2022-01-05', 100, 'CONFIRMED', '2022-01-05 02:40:55', '2022-01-05 02:40:55'),
(597, 132, 50, 1, '2022-01-05', 900, 'UNCONFIRMED', '2022-01-05 02:40:55', '2022-01-05 02:40:55'),
(598, 36, 80, 1, '2022-01-05', 500, 'CANCELLED', '2022-01-05 02:40:55', '2022-01-05 02:40:55'),
(599, 52, 146, 1, '2022-01-05', 100, 'CANCELLED', '2022-01-05 02:40:55', '2022-01-05 02:40:55'),
(600, 247, 1, 1, '2022-01-05', 900, 'CONFIRMED', '2022-01-05 02:40:55', '2022-01-05 02:40:55'),
(601, 2, 1, 16, '2022-01-05', 14400, 'CANCELLED', '2022-01-05 03:38:44', '2022-01-05 03:39:29');

-- --------------------------------------------------------

--
-- Table structure for table `password_resets`
--

CREATE TABLE `password_resets` (
  `email` varchar(255) COLLATE utf8mb4_unicode_ci NOT NULL,
  `token` varchar(255) COLLATE utf8mb4_unicode_ci NOT NULL,
  `created_at` timestamp NULL DEFAULT NULL
) ENGINE=InnoDB DEFAULT CHARSET=utf8mb4 COLLATE=utf8mb4_unicode_ci;

-- --------------------------------------------------------

--
-- Table structure for table `personal_access_tokens`
--

CREATE TABLE `personal_access_tokens` (
  `id` bigint(20) UNSIGNED NOT NULL,
  `tokenable_type` varchar(255) COLLATE utf8mb4_unicode_ci NOT NULL,
  `tokenable_id` bigint(20) UNSIGNED NOT NULL,
  `name` varchar(255) COLLATE utf8mb4_unicode_ci NOT NULL,
  `token` varchar(64) COLLATE utf8mb4_unicode_ci NOT NULL,
  `abilities` text COLLATE utf8mb4_unicode_ci DEFAULT NULL,
  `last_used_at` timestamp NULL DEFAULT NULL,
  `created_at` timestamp NULL DEFAULT NULL,
  `updated_at` timestamp NULL DEFAULT NULL
) ENGINE=InnoDB DEFAULT CHARSET=utf8mb4 COLLATE=utf8mb4_unicode_ci;

-- --------------------------------------------------------

--
-- Table structure for table `route`
--

CREATE TABLE `route` (
  `routeID` varchar(255) COLLATE utf8mb4_unicode_ci NOT NULL,
  `O_termID` varchar(255) COLLATE utf8mb4_unicode_ci NOT NULL,
  `D_termID` varchar(255) COLLATE utf8mb4_unicode_ci NOT NULL,
  `Fare` double(8,2) NOT NULL DEFAULT 100.00,
  `Trip Duration` time NOT NULL DEFAULT '00:45:00',
  `Status` enum('ACTIVE','INACTIVE') COLLATE utf8mb4_unicode_ci NOT NULL DEFAULT 'ACTIVE',
  `created_at` timestamp NULL DEFAULT NULL,
  `updated_at` timestamp NULL DEFAULT NULL
) ENGINE=InnoDB DEFAULT CHARSET=utf8mb4 COLLATE=utf8mb4_unicode_ci;

--
-- Dumping data for table `route`
--

INSERT INTO `route` (`routeID`, `O_termID`, `D_termID`, `Fare`, `Trip Duration`, `Status`, `created_at`, `updated_at`) VALUES
('AYLA-CITP', 'AYLA', 'CITP', 600.00, '00:00:00', 'ACTIVE', NULL, NULL),
('AYLA-CLNK', 'AYLA', 'CLNK', 900.00, '00:45:00', 'ACTIVE', '2022-01-05 02:40:53', '2022-01-05 02:40:53'),
('SMCC-SMCC', 'SMCC', 'SMCC', 500.00, '00:45:00', 'INACTIVE', '2022-01-05 02:40:53', '2022-01-05 02:40:53'),
('SMSC-CITP', 'SMSC', 'CITP', 100.00, '00:45:00', 'INACTIVE', '2022-01-05 02:40:53', '2022-01-05 02:40:53'),
('SMSC-SMCC', 'SMSC', 'SMCC', 100.00, '00:45:00', 'ACTIVE', '2022-01-05 02:40:53', '2022-01-05 02:40:53'),
('SMSC-SMSC', 'SMSC', 'SMSC', 100.00, '00:45:00', 'INACTIVE', '2022-01-05 02:40:53', '2022-01-05 02:40:53');

-- --------------------------------------------------------

--
-- Table structure for table `terminal`
--

CREATE TABLE `terminal` (
  `terminalID` varchar(255) COLLATE utf8mb4_unicode_ci NOT NULL,
  `adminID` int(10) UNSIGNED NOT NULL,
  `Location_Name` varchar(255) COLLATE utf8mb4_unicode_ci NOT NULL,
  `City` varchar(255) COLLATE utf8mb4_unicode_ci NOT NULL,
  `created_at` timestamp NULL DEFAULT NULL,
  `updated_at` timestamp NULL DEFAULT NULL
) ENGINE=InnoDB DEFAULT CHARSET=utf8mb4 COLLATE=utf8mb4_unicode_ci;

--
-- Dumping data for table `terminal`
--

INSERT INTO `terminal` (`terminalID`, `adminID`, `Location_Name`, `City`, `created_at`, `updated_at`) VALUES
('AYLA', 58, 'Ayala Center Cebu', 'Cebu City', NULL, NULL),
('CITP', 149, 'Cebu IT Park', 'Cebu City', NULL, NULL),
('CLNK', 25, 'Cebu City Link Terminal', 'Cebu City', NULL, NULL),
('SMCC', 194, 'SM City Cebu', 'Cebu City', NULL, NULL),
('SMSC', 200, 'SM Seaside City', 'Cebu City', NULL, NULL);

-- --------------------------------------------------------

--
-- Table structure for table `trip`
--

CREATE TABLE `trip` (
  `tripID` int(10) UNSIGNED NOT NULL,
  `vehicleID` int(10) UNSIGNED NOT NULL,
  `routeID` varchar(255) COLLATE utf8mb4_unicode_ci NOT NULL,
  `FreeSeats` int(11) NOT NULL DEFAULT 16,
  `ETD` time NOT NULL DEFAULT '08:00:00',
  `ETA` time NOT NULL DEFAULT '08:45:00',
  `Status` enum('OPEN','CLOSED','ARRIVED','DELETED') COLLATE utf8mb4_unicode_ci NOT NULL DEFAULT 'OPEN',
  `created_at` timestamp NULL DEFAULT NULL,
  `updated_at` timestamp NULL DEFAULT NULL
) ENGINE=InnoDB DEFAULT CHARSET=utf8mb4 COLLATE=utf8mb4_unicode_ci;

--
-- Dumping data for table `trip`
--

INSERT INTO `trip` (`tripID`, `vehicleID`, `routeID`, `FreeSeats`, `ETD`, `ETA`, `Status`, `created_at`, `updated_at`) VALUES
(1, 37, 'AYLA-CLNK', 16, '08:00:00', '08:45:00', 'CLOSED', '2022-01-05 02:40:53', '2022-01-05 03:39:29'),
(2, 11, 'SMSC-CITP', 16, '08:00:00', '08:45:00', 'CLOSED', '2022-01-05 02:40:53', '2022-01-05 02:40:53'),
(3, 41, 'SMSC-SMSC', 16, '08:00:00', '08:45:00', 'DELETED', '2022-01-05 02:40:53', '2022-01-05 02:40:53'),
(4, 33, 'SMCC-SMCC', 16, '08:00:00', '08:45:00', 'OPEN', '2022-01-05 02:40:53', '2022-01-05 02:40:53'),
(5, 35, 'AYLA-CLNK', 16, '08:00:00', '08:45:00', 'DELETED', '2022-01-05 02:40:53', '2022-01-05 02:40:53'),
(6, 10, 'SMCC-SMCC', 16, '08:00:00', '08:45:00', 'CLOSED', '2022-01-05 02:40:53', '2022-01-05 02:40:53'),
(7, 44, 'SMCC-SMCC', 16, '08:00:00', '08:45:00', 'DELETED', '2022-01-05 02:40:53', '2022-01-05 02:40:53'),
(8, 13, 'SMSC-SMCC', 16, '08:00:00', '08:45:00', 'DELETED', '2022-01-05 02:40:53', '2022-01-05 02:40:53'),
(9, 13, 'SMSC-SMSC', 16, '08:00:00', '08:45:00', 'DELETED', '2022-01-05 02:40:53', '2022-01-05 02:40:53'),
(10, 27, 'SMSC-SMCC', 16, '08:00:00', '08:45:00', 'OPEN', '2022-01-05 02:40:53', '2022-01-05 02:40:53'),
(11, 13, 'SMSC-SMSC', 16, '08:00:00', '08:45:00', 'CLOSED', '2022-01-05 02:40:53', '2022-01-05 02:40:53'),
(12, 18, 'SMCC-SMCC', 16, '08:00:00', '08:45:00', 'ARRIVED', '2022-01-05 02:40:53', '2022-01-05 02:40:53'),
(13, 27, 'SMSC-CITP', 16, '08:00:00', '08:45:00', 'ARRIVED', '2022-01-05 02:40:53', '2022-01-05 02:40:53'),
(14, 8, 'SMSC-SMSC', 16, '08:00:00', '08:45:00', 'ARRIVED', '2022-01-05 02:40:53', '2022-01-05 02:40:53'),
(15, 20, 'SMSC-SMCC', 16, '08:00:00', '08:45:00', 'DELETED', '2022-01-05 02:40:53', '2022-01-05 02:40:53'),
(16, 19, 'SMSC-CITP', 16, '08:00:00', '08:45:00', 'ARRIVED', '2022-01-05 02:40:53', '2022-01-05 02:40:53'),
(17, 8, 'SMSC-CITP', 16, '08:00:00', '08:45:00', 'ARRIVED', '2022-01-05 02:40:53', '2022-01-05 02:40:53'),
(18, 11, 'SMSC-SMSC', 16, '08:00:00', '08:45:00', 'ARRIVED', '2022-01-05 02:40:53', '2022-01-05 02:40:53'),
(19, 35, 'AYLA-CLNK', 16, '08:00:00', '08:45:00', 'DELETED', '2022-01-05 02:40:53', '2022-01-05 02:40:53'),
(20, 3, 'SMCC-SMCC', 16, '08:00:00', '08:45:00', 'ARRIVED', '2022-01-05 02:40:53', '2022-01-05 02:40:53'),
(21, 3, 'SMCC-SMCC', 16, '08:00:00', '08:45:00', 'ARRIVED', '2022-01-05 02:40:53', '2022-01-05 02:40:53'),
(22, 9, 'AYLA-CLNK', 16, '08:00:00', '08:45:00', 'ARRIVED', '2022-01-05 02:40:53', '2022-01-05 02:40:53'),
(23, 26, 'SMSC-SMCC', 16, '08:00:00', '08:45:00', 'DELETED', '2022-01-05 02:40:53', '2022-01-05 02:40:53'),
(24, 10, 'SMSC-SMSC', 16, '08:00:00', '08:45:00', 'ARRIVED', '2022-01-05 02:40:53', '2022-01-05 02:40:53'),
(25, 42, 'SMSC-SMCC', 16, '08:00:00', '08:45:00', 'ARRIVED', '2022-01-05 02:40:53', '2022-01-05 02:40:53'),
(26, 26, 'SMSC-CITP', 16, '08:00:00', '08:45:00', 'ARRIVED', '2022-01-05 02:40:53', '2022-01-05 02:40:53'),
(27, 14, 'SMCC-SMCC', 16, '08:00:00', '08:45:00', 'ARRIVED', '2022-01-05 02:40:53', '2022-01-05 02:40:53'),
(28, 48, 'SMSC-SMCC', 16, '08:00:00', '08:45:00', 'OPEN', '2022-01-05 02:40:53', '2022-01-05 02:40:53'),
(29, 46, 'SMCC-SMCC', 16, '08:00:00', '08:45:00', 'CLOSED', '2022-01-05 02:40:53', '2022-01-05 02:40:53'),
(30, 27, 'SMSC-CITP', 16, '08:00:00', '08:45:00', 'ARRIVED', '2022-01-05 02:40:53', '2022-01-05 02:40:53'),
(31, 22, 'AYLA-CLNK', 16, '08:00:00', '08:45:00', 'ARRIVED', '2022-01-05 02:40:53', '2022-01-05 02:40:53'),
(32, 32, 'SMSC-CITP', 16, '08:00:00', '08:45:00', 'CLOSED', '2022-01-05 02:40:53', '2022-01-05 02:40:53'),
(33, 41, 'SMSC-CITP', 16, '08:00:00', '08:45:00', 'ARRIVED', '2022-01-05 02:40:53', '2022-01-05 02:40:53'),
(34, 45, 'SMSC-SMCC', 16, '08:00:00', '08:45:00', 'OPEN', '2022-01-05 02:40:53', '2022-01-05 02:40:53'),
(35, 14, 'SMSC-SMCC', 16, '08:00:00', '08:45:00', 'ARRIVED', '2022-01-05 02:40:53', '2022-01-05 02:40:53'),
(36, 24, 'SMSC-SMSC', 16, '08:00:00', '08:45:00', 'ARRIVED', '2022-01-05 02:40:53', '2022-01-05 02:40:53'),
(37, 21, 'SMSC-SMSC', 16, '08:00:00', '08:45:00', 'DELETED', '2022-01-05 02:40:53', '2022-01-05 02:40:53'),
(38, 39, 'SMCC-SMCC', 16, '08:00:00', '08:45:00', 'DELETED', '2022-01-05 02:40:53', '2022-01-05 02:40:53'),
(39, 40, 'SMSC-SMCC', 16, '08:00:00', '08:45:00', 'OPEN', '2022-01-05 02:40:53', '2022-01-05 02:40:53'),
(40, 45, 'SMCC-SMCC', 16, '08:00:00', '08:45:00', 'CLOSED', '2022-01-05 02:40:53', '2022-01-05 02:40:53'),
(41, 50, 'SMSC-SMCC', 16, '08:00:00', '08:45:00', 'DELETED', '2022-01-05 02:40:53', '2022-01-05 02:40:53'),
(42, 28, 'SMSC-SMCC', 16, '08:00:00', '08:45:00', 'DELETED', '2022-01-05 02:40:53', '2022-01-05 02:40:53'),
(43, 8, 'SMSC-CITP', 16, '08:00:00', '08:45:00', 'DELETED', '2022-01-05 02:40:53', '2022-01-05 02:40:53'),
(44, 47, 'SMSC-CITP', 16, '08:00:00', '08:45:00', 'DELETED', '2022-01-05 02:40:53', '2022-01-05 02:40:53'),
(45, 47, 'SMSC-SMSC', 16, '08:00:00', '08:45:00', 'CLOSED', '2022-01-05 02:40:53', '2022-01-05 02:40:53'),
(46, 3, 'AYLA-CLNK', 16, '08:00:00', '08:45:00', 'CLOSED', '2022-01-05 02:40:53', '2022-01-05 02:40:53'),
(47, 20, 'SMSC-SMCC', 16, '08:00:00', '08:45:00', 'ARRIVED', '2022-01-05 02:40:53', '2022-01-05 02:40:53'),
(48, 38, 'SMCC-SMCC', 16, '08:00:00', '08:45:00', 'ARRIVED', '2022-01-05 02:40:53', '2022-01-05 02:40:53'),
(49, 6, 'AYLA-CLNK', 16, '08:00:00', '08:45:00', 'OPEN', '2022-01-05 02:40:53', '2022-01-05 02:40:53'),
(50, 15, 'AYLA-CLNK', 16, '08:00:00', '08:45:00', 'DELETED', '2022-01-05 02:40:53', '2022-01-05 02:40:53'),
(51, 2, 'SMSC-SMSC', 16, '08:00:00', '08:45:00', 'CLOSED', '2022-01-05 02:40:53', '2022-01-05 02:40:53'),
(52, 35, 'SMSC-SMCC', 16, '08:00:00', '08:45:00', 'OPEN', '2022-01-05 02:40:53', '2022-01-05 02:40:53'),
(53, 7, 'SMCC-SMCC', 16, '08:00:00', '08:45:00', 'CLOSED', '2022-01-05 02:40:53', '2022-01-05 02:40:53'),
(54, 23, 'SMSC-SMCC', 16, '08:00:00', '08:45:00', 'OPEN', '2022-01-05 02:40:53', '2022-01-05 02:40:53'),
(55, 39, 'SMCC-SMCC', 16, '08:00:00', '08:45:00', 'ARRIVED', '2022-01-05 02:40:53', '2022-01-05 02:40:53'),
(56, 37, 'AYLA-CLNK', 16, '08:00:00', '08:45:00', 'OPEN', '2022-01-05 02:40:53', '2022-01-05 02:40:53'),
(57, 50, 'SMCC-SMCC', 16, '08:00:00', '08:45:00', 'OPEN', '2022-01-05 02:40:53', '2022-01-05 02:40:53'),
(58, 22, 'SMSC-SMCC', 16, '08:00:00', '08:45:00', 'ARRIVED', '2022-01-05 02:40:53', '2022-01-05 02:40:53'),
(59, 24, 'SMSC-SMSC', 16, '08:00:00', '08:45:00', 'CLOSED', '2022-01-05 02:40:53', '2022-01-05 02:40:53'),
(60, 45, 'SMCC-SMCC', 16, '08:00:00', '08:45:00', 'OPEN', '2022-01-05 02:40:53', '2022-01-05 02:40:53'),
(61, 12, 'SMSC-SMCC', 16, '08:00:00', '08:45:00', 'ARRIVED', '2022-01-05 02:40:53', '2022-01-05 02:40:53'),
(62, 21, 'SMSC-SMCC', 16, '08:00:00', '08:45:00', 'CLOSED', '2022-01-05 02:40:53', '2022-01-05 02:40:53'),
(63, 18, 'SMSC-CITP', 16, '08:00:00', '08:45:00', 'OPEN', '2022-01-05 02:40:53', '2022-01-05 02:40:53'),
(64, 8, 'SMSC-SMCC', 16, '08:00:00', '08:45:00', 'CLOSED', '2022-01-05 02:40:53', '2022-01-05 02:40:53'),
(65, 42, 'SMSC-SMCC', 16, '08:00:00', '08:45:00', 'OPEN', '2022-01-05 02:40:53', '2022-01-05 02:40:53'),
(66, 41, 'SMSC-SMCC', 16, '08:00:00', '08:45:00', 'CLOSED', '2022-01-05 02:40:53', '2022-01-05 02:40:53'),
(67, 42, 'SMSC-SMSC', 16, '08:00:00', '08:45:00', 'CLOSED', '2022-01-05 02:40:53', '2022-01-05 02:40:53'),
(68, 26, 'SMSC-SMSC', 16, '08:00:00', '08:45:00', 'CLOSED', '2022-01-05 02:40:53', '2022-01-05 02:40:53'),
(69, 15, 'SMSC-CITP', 16, '08:00:00', '08:45:00', 'OPEN', '2022-01-05 02:40:53', '2022-01-05 02:40:53'),
(70, 16, 'SMSC-CITP', 16, '08:00:00', '08:45:00', 'OPEN', '2022-01-05 02:40:53', '2022-01-05 02:40:53'),
(71, 36, 'SMSC-CITP', 16, '08:00:00', '08:45:00', 'ARRIVED', '2022-01-05 02:40:53', '2022-01-05 02:40:53'),
(72, 47, 'SMSC-SMSC', 16, '08:00:00', '08:45:00', 'ARRIVED', '2022-01-05 02:40:53', '2022-01-05 02:40:53'),
(73, 41, 'SMCC-SMCC', 16, '08:00:00', '08:45:00', 'OPEN', '2022-01-05 02:40:53', '2022-01-05 02:40:53'),
(74, 33, 'SMCC-SMCC', 16, '08:00:00', '08:45:00', 'DELETED', '2022-01-05 02:40:53', '2022-01-05 02:40:53'),
(75, 38, 'SMSC-SMCC', 16, '08:00:00', '08:45:00', 'DELETED', '2022-01-05 02:40:53', '2022-01-05 02:40:53'),
(76, 26, 'SMCC-SMCC', 16, '08:00:00', '08:45:00', 'CLOSED', '2022-01-05 02:40:53', '2022-01-05 02:40:53'),
(77, 33, 'SMSC-SMSC', 16, '08:00:00', '08:45:00', 'OPEN', '2022-01-05 02:40:53', '2022-01-05 02:40:53'),
(78, 41, 'SMCC-SMCC', 16, '08:00:00', '08:45:00', 'ARRIVED', '2022-01-05 02:40:53', '2022-01-05 02:40:53'),
(79, 18, 'SMCC-SMCC', 16, '08:00:00', '08:45:00', 'OPEN', '2022-01-05 02:40:53', '2022-01-05 02:40:53'),
(80, 16, 'SMCC-SMCC', 16, '08:00:00', '08:45:00', 'DELETED', '2022-01-05 02:40:53', '2022-01-05 02:40:53'),
(81, 24, 'SMSC-SMCC', 16, '08:00:00', '08:45:00', 'DELETED', '2022-01-05 02:40:53', '2022-01-05 02:40:53'),
(82, 30, 'SMSC-SMCC', 16, '08:00:00', '08:45:00', 'ARRIVED', '2022-01-05 02:40:53', '2022-01-05 02:40:53'),
(83, 29, 'SMCC-SMCC', 16, '08:00:00', '08:45:00', 'OPEN', '2022-01-05 02:40:53', '2022-01-05 02:40:53'),
(84, 36, 'SMSC-SMCC', 16, '08:00:00', '08:45:00', 'ARRIVED', '2022-01-05 02:40:53', '2022-01-05 02:40:53'),
(85, 22, 'SMCC-SMCC', 16, '08:00:00', '08:45:00', 'OPEN', '2022-01-05 02:40:53', '2022-01-05 02:40:53'),
(86, 27, 'AYLA-CLNK', 16, '08:00:00', '08:45:00', 'CLOSED', '2022-01-05 02:40:53', '2022-01-05 02:40:53'),
(87, 8, 'SMSC-CITP', 16, '08:00:00', '08:45:00', 'DELETED', '2022-01-05 02:40:53', '2022-01-05 02:40:53'),
(88, 3, 'SMSC-SMSC', 16, '08:00:00', '08:45:00', 'DELETED', '2022-01-05 02:40:53', '2022-01-05 02:40:53'),
(89, 29, 'SMSC-SMSC', 16, '08:00:00', '08:45:00', 'ARRIVED', '2022-01-05 02:40:53', '2022-01-05 02:40:53'),
(90, 40, 'AYLA-CLNK', 16, '08:00:00', '08:45:00', 'OPEN', '2022-01-05 02:40:53', '2022-01-05 02:40:53'),
(91, 35, 'SMCC-SMCC', 16, '08:00:00', '08:45:00', 'CLOSED', '2022-01-05 02:40:53', '2022-01-05 02:40:53'),
(92, 26, 'AYLA-CLNK', 16, '08:00:00', '08:45:00', 'CLOSED', '2022-01-05 02:40:53', '2022-01-05 02:40:53'),
(93, 44, 'SMSC-SMSC', 16, '08:00:00', '08:45:00', 'OPEN', '2022-01-05 02:40:53', '2022-01-05 02:40:53'),
(94, 11, 'SMSC-CITP', 16, '08:00:00', '08:45:00', 'CLOSED', '2022-01-05 02:40:53', '2022-01-05 02:40:53'),
(95, 4, 'AYLA-CLNK', 16, '08:00:00', '08:45:00', 'ARRIVED', '2022-01-05 02:40:53', '2022-01-05 02:40:53'),
(96, 30, 'SMSC-SMSC', 16, '08:00:00', '08:45:00', 'ARRIVED', '2022-01-05 02:40:53', '2022-01-05 02:40:53'),
(97, 38, 'SMSC-SMCC', 16, '08:00:00', '08:45:00', 'DELETED', '2022-01-05 02:40:53', '2022-01-05 02:40:53'),
(98, 44, 'SMSC-SMCC', 16, '08:00:00', '08:45:00', 'DELETED', '2022-01-05 02:40:53', '2022-01-05 02:40:53'),
(99, 43, 'SMSC-CITP', 16, '08:00:00', '08:45:00', 'CLOSED', '2022-01-05 02:40:53', '2022-01-05 02:40:53'),
(100, 11, 'SMSC-CITP', 16, '08:00:00', '08:45:00', 'OPEN', '2022-01-05 02:40:53', '2022-01-05 02:40:53'),
(101, 23, 'AYLA-CLNK', 16, '08:00:00', '08:45:00', 'DELETED', '2022-01-05 02:40:53', '2022-01-05 02:40:53'),
(102, 42, 'SMSC-SMSC', 16, '08:00:00', '08:45:00', 'ARRIVED', '2022-01-05 02:40:53', '2022-01-05 02:40:53'),
(103, 27, 'AYLA-CLNK', 16, '08:00:00', '08:45:00', 'CLOSED', '2022-01-05 02:40:53', '2022-01-05 02:40:53'),
(104, 22, 'SMSC-SMCC', 16, '08:00:00', '08:45:00', 'DELETED', '2022-01-05 02:40:53', '2022-01-05 02:40:53'),
(105, 29, 'SMSC-CITP', 16, '08:00:00', '08:45:00', 'OPEN', '2022-01-05 02:40:53', '2022-01-05 02:40:53'),
(106, 3, 'SMSC-SMCC', 16, '08:00:00', '08:45:00', 'DELETED', '2022-01-05 02:40:53', '2022-01-05 02:40:53'),
(107, 26, 'SMSC-SMCC', 16, '08:00:00', '08:45:00', 'OPEN', '2022-01-05 02:40:53', '2022-01-05 02:40:53'),
(108, 16, 'AYLA-CLNK', 16, '08:00:00', '08:45:00', 'CLOSED', '2022-01-05 02:40:53', '2022-01-05 02:40:53'),
(109, 9, 'SMSC-SMSC', 16, '08:00:00', '08:45:00', 'OPEN', '2022-01-05 02:40:53', '2022-01-05 02:40:53'),
(110, 49, 'SMSC-CITP', 16, '08:00:00', '08:45:00', 'OPEN', '2022-01-05 02:40:53', '2022-01-05 02:40:53'),
(111, 6, 'SMCC-SMCC', 16, '08:00:00', '08:45:00', 'OPEN', '2022-01-05 02:40:53', '2022-01-05 02:40:53'),
(112, 26, 'SMSC-SMCC', 16, '08:00:00', '08:45:00', 'DELETED', '2022-01-05 02:40:53', '2022-01-05 02:40:53'),
(113, 47, 'SMCC-SMCC', 16, '08:00:00', '08:45:00', 'CLOSED', '2022-01-05 02:40:53', '2022-01-05 02:40:53'),
(114, 40, 'SMSC-SMCC', 16, '08:00:00', '08:45:00', 'ARRIVED', '2022-01-05 02:40:53', '2022-01-05 02:40:53'),
(115, 21, 'SMSC-SMCC', 16, '08:00:00', '08:45:00', 'DELETED', '2022-01-05 02:40:53', '2022-01-05 02:40:53'),
(116, 3, 'SMSC-SMCC', 16, '08:00:00', '08:45:00', 'CLOSED', '2022-01-05 02:40:53', '2022-01-05 02:40:53'),
(117, 44, 'SMSC-SMSC', 16, '08:00:00', '08:45:00', 'ARRIVED', '2022-01-05 02:40:53', '2022-01-05 02:40:53'),
(118, 49, 'SMCC-SMCC', 16, '08:00:00', '08:45:00', 'CLOSED', '2022-01-05 02:40:53', '2022-01-05 02:40:53'),
(119, 13, 'SMSC-SMSC', 16, '08:00:00', '08:45:00', 'CLOSED', '2022-01-05 02:40:53', '2022-01-05 02:40:53'),
(120, 40, 'SMSC-SMSC', 16, '08:00:00', '08:45:00', 'ARRIVED', '2022-01-05 02:40:53', '2022-01-05 02:40:53'),
(121, 13, 'SMSC-SMSC', 16, '08:00:00', '08:45:00', 'OPEN', '2022-01-05 02:40:53', '2022-01-05 02:40:53'),
(122, 45, 'AYLA-CLNK', 16, '08:00:00', '08:45:00', 'DELETED', '2022-01-05 02:40:53', '2022-01-05 02:40:53'),
(123, 15, 'SMCC-SMCC', 16, '08:00:00', '08:45:00', 'DELETED', '2022-01-05 02:40:53', '2022-01-05 02:40:53'),
(124, 18, 'SMSC-SMSC', 16, '08:00:00', '08:45:00', 'CLOSED', '2022-01-05 02:40:53', '2022-01-05 02:40:53'),
(125, 44, 'SMCC-SMCC', 16, '08:00:00', '08:45:00', 'CLOSED', '2022-01-05 02:40:53', '2022-01-05 02:40:53'),
(126, 38, 'SMCC-SMCC', 16, '08:00:00', '08:45:00', 'DELETED', '2022-01-05 02:40:53', '2022-01-05 02:40:53'),
(127, 43, 'SMSC-SMCC', 16, '08:00:00', '08:45:00', 'ARRIVED', '2022-01-05 02:40:53', '2022-01-05 02:40:53'),
(128, 35, 'SMSC-SMCC', 16, '08:00:00', '08:45:00', 'ARRIVED', '2022-01-05 02:40:53', '2022-01-05 02:40:53'),
(129, 44, 'SMSC-SMCC', 16, '08:00:00', '08:45:00', 'ARRIVED', '2022-01-05 02:40:53', '2022-01-05 02:40:53'),
(130, 2, 'AYLA-CLNK', 16, '08:00:00', '08:45:00', 'OPEN', '2022-01-05 02:40:53', '2022-01-05 02:40:53'),
(131, 43, 'SMCC-SMCC', 16, '08:00:00', '08:45:00', 'DELETED', '2022-01-05 02:40:53', '2022-01-05 02:40:53'),
(132, 38, 'AYLA-CLNK', 16, '08:00:00', '08:45:00', 'ARRIVED', '2022-01-05 02:40:53', '2022-01-05 02:40:53'),
(133, 48, 'SMSC-SMCC', 16, '08:00:00', '08:45:00', 'DELETED', '2022-01-05 02:40:53', '2022-01-05 02:40:53'),
(134, 24, 'SMSC-SMSC', 16, '08:00:00', '08:45:00', 'DELETED', '2022-01-05 02:40:53', '2022-01-05 02:40:53'),
(135, 18, 'AYLA-CLNK', 16, '08:00:00', '08:45:00', 'ARRIVED', '2022-01-05 02:40:53', '2022-01-05 02:40:53'),
(136, 33, 'SMCC-SMCC', 16, '08:00:00', '08:45:00', 'OPEN', '2022-01-05 02:40:53', '2022-01-05 02:40:53'),
(137, 20, 'AYLA-CLNK', 16, '08:00:00', '08:45:00', 'CLOSED', '2022-01-05 02:40:53', '2022-01-05 02:40:53'),
(138, 42, 'SMSC-SMCC', 16, '08:00:00', '08:45:00', 'CLOSED', '2022-01-05 02:40:53', '2022-01-05 02:40:53'),
(139, 50, 'SMSC-CITP', 16, '08:00:00', '08:45:00', 'CLOSED', '2022-01-05 02:40:53', '2022-01-05 02:40:53'),
(140, 17, 'SMSC-CITP', 16, '08:00:00', '08:45:00', 'CLOSED', '2022-01-05 02:40:53', '2022-01-05 02:40:53'),
(141, 26, 'SMSC-SMCC', 16, '08:00:00', '08:45:00', 'DELETED', '2022-01-05 02:40:53', '2022-01-05 02:40:53'),
(142, 41, 'SMSC-SMSC', 16, '08:00:00', '08:45:00', 'CLOSED', '2022-01-05 02:40:53', '2022-01-05 02:40:53'),
(143, 45, 'AYLA-CLNK', 16, '08:00:00', '08:45:00', 'CLOSED', '2022-01-05 02:40:53', '2022-01-05 02:40:53'),
(144, 27, 'SMSC-SMSC', 16, '08:00:00', '08:45:00', 'DELETED', '2022-01-05 02:40:53', '2022-01-05 02:40:53'),
(145, 33, 'AYLA-CLNK', 16, '08:00:00', '08:45:00', 'OPEN', '2022-01-05 02:40:53', '2022-01-05 02:40:53'),
(146, 36, 'SMSC-SMSC', 16, '08:00:00', '08:45:00', 'CLOSED', '2022-01-05 02:40:53', '2022-01-05 02:40:53'),
(147, 22, 'SMSC-SMCC', 16, '08:00:00', '08:45:00', 'DELETED', '2022-01-05 02:40:53', '2022-01-05 02:40:53'),
(148, 25, 'SMSC-CITP', 16, '08:00:00', '08:45:00', 'ARRIVED', '2022-01-05 02:40:53', '2022-01-05 02:40:53'),
(149, 25, 'SMSC-SMCC', 16, '08:00:00', '08:45:00', 'DELETED', '2022-01-05 02:40:53', '2022-01-05 02:40:53'),
(150, 49, 'SMCC-SMCC', 16, '08:00:00', '08:45:00', 'OPEN', '2022-01-05 02:40:53', '2022-01-05 02:40:53'),
(151, 3, 'SMSC-CITP', 16, '08:00:00', '08:45:00', 'ARRIVED', '2022-01-05 02:40:53', '2022-01-05 02:40:53'),
(152, 24, 'SMSC-SMSC', 16, '08:00:00', '08:45:00', 'DELETED', '2022-01-05 02:40:53', '2022-01-05 02:40:53'),
(153, 20, 'SMCC-SMCC', 16, '08:00:00', '08:45:00', 'DELETED', '2022-01-05 02:40:53', '2022-01-05 02:40:53'),
(154, 11, 'AYLA-CLNK', 16, '08:00:00', '08:45:00', 'CLOSED', '2022-01-05 02:40:53', '2022-01-05 02:40:53'),
(155, 10, 'SMCC-SMCC', 16, '08:00:00', '08:45:00', 'ARRIVED', '2022-01-05 02:40:53', '2022-01-05 02:40:53'),
(156, 1, 'SMSC-CITP', 16, '08:00:00', '08:45:00', 'OPEN', '2022-01-05 02:40:53', '2022-01-05 02:40:53'),
(157, 33, 'SMSC-CITP', 16, '08:00:00', '08:45:00', 'ARRIVED', '2022-01-05 02:40:53', '2022-01-05 02:40:53'),
(158, 46, 'AYLA-CLNK', 16, '08:00:00', '08:45:00', 'DELETED', '2022-01-05 02:40:53', '2022-01-05 02:40:53'),
(159, 7, 'SMSC-CITP', 16, '08:00:00', '08:45:00', 'CLOSED', '2022-01-05 02:40:53', '2022-01-05 02:40:53'),
(160, 13, 'AYLA-CLNK', 16, '08:00:00', '08:45:00', 'DELETED', '2022-01-05 02:40:53', '2022-01-05 02:40:53'),
(161, 36, 'AYLA-CLNK', 16, '08:00:00', '08:45:00', 'DELETED', '2022-01-05 02:40:53', '2022-01-05 02:40:53'),
(162, 9, 'AYLA-CLNK', 16, '08:00:00', '08:45:00', 'OPEN', '2022-01-05 02:40:53', '2022-01-05 02:40:53'),
(163, 30, 'SMCC-SMCC', 16, '08:00:00', '08:45:00', 'DELETED', '2022-01-05 02:40:53', '2022-01-05 02:40:53'),
(164, 25, 'AYLA-CLNK', 16, '08:00:00', '08:45:00', 'OPEN', '2022-01-05 02:40:53', '2022-01-05 02:40:53'),
(165, 22, 'SMCC-SMCC', 16, '08:00:00', '08:45:00', 'DELETED', '2022-01-05 02:40:53', '2022-01-05 02:40:53'),
(166, 50, 'SMSC-SMSC', 16, '08:00:00', '08:45:00', 'OPEN', '2022-01-05 02:40:53', '2022-01-05 02:40:53'),
(167, 38, 'SMSC-SMCC', 16, '08:00:00', '08:45:00', 'OPEN', '2022-01-05 02:40:53', '2022-01-05 02:40:53'),
(168, 40, 'SMCC-SMCC', 16, '08:00:00', '08:45:00', 'DELETED', '2022-01-05 02:40:53', '2022-01-05 02:40:53'),
(169, 29, 'SMSC-CITP', 16, '08:00:00', '08:45:00', 'DELETED', '2022-01-05 02:40:53', '2022-01-05 02:40:53'),
(170, 33, 'SMSC-SMCC', 16, '08:00:00', '08:45:00', 'ARRIVED', '2022-01-05 02:40:53', '2022-01-05 02:40:53'),
(171, 18, 'SMSC-SMSC', 16, '08:00:00', '08:45:00', 'CLOSED', '2022-01-05 02:40:53', '2022-01-05 02:40:53'),
(172, 10, 'SMCC-SMCC', 16, '08:00:00', '08:45:00', 'ARRIVED', '2022-01-05 02:40:53', '2022-01-05 02:40:53'),
(173, 33, 'SMSC-SMCC', 16, '08:00:00', '08:45:00', 'ARRIVED', '2022-01-05 02:40:53', '2022-01-05 02:40:53'),
(174, 41, 'SMCC-SMCC', 16, '08:00:00', '08:45:00', 'ARRIVED', '2022-01-05 02:40:53', '2022-01-05 02:40:53'),
(175, 19, 'SMSC-SMSC', 16, '08:00:00', '08:45:00', 'DELETED', '2022-01-05 02:40:53', '2022-01-05 02:40:53'),
(176, 47, 'SMSC-CITP', 16, '08:00:00', '08:45:00', 'DELETED', '2022-01-05 02:40:53', '2022-01-05 02:40:53'),
(177, 29, 'SMSC-CITP', 16, '08:00:00', '08:45:00', 'OPEN', '2022-01-05 02:40:53', '2022-01-05 02:40:53'),
(178, 25, 'SMSC-SMCC', 16, '08:00:00', '08:45:00', 'OPEN', '2022-01-05 02:40:53', '2022-01-05 02:40:53'),
(179, 33, 'SMCC-SMCC', 16, '08:00:00', '08:45:00', 'ARRIVED', '2022-01-05 02:40:53', '2022-01-05 02:40:53'),
(180, 49, 'AYLA-CLNK', 16, '08:00:00', '08:45:00', 'CLOSED', '2022-01-05 02:40:53', '2022-01-05 02:40:53'),
(181, 30, 'SMSC-SMCC', 16, '08:00:00', '08:45:00', 'DELETED', '2022-01-05 02:40:53', '2022-01-05 02:40:53'),
(182, 36, 'SMSC-CITP', 16, '08:00:00', '08:45:00', 'ARRIVED', '2022-01-05 02:40:53', '2022-01-05 02:40:53'),
(183, 28, 'SMSC-CITP', 16, '08:00:00', '08:45:00', 'DELETED', '2022-01-05 02:40:53', '2022-01-05 02:40:53'),
(184, 1, 'SMCC-SMCC', 16, '08:00:00', '08:45:00', 'OPEN', '2022-01-05 02:40:53', '2022-01-05 02:40:53'),
(185, 30, 'SMCC-SMCC', 16, '08:00:00', '08:45:00', 'ARRIVED', '2022-01-05 02:40:53', '2022-01-05 02:40:53'),
(186, 19, 'SMSC-SMSC', 16, '08:00:00', '08:45:00', 'DELETED', '2022-01-05 02:40:53', '2022-01-05 02:40:53'),
(187, 41, 'SMSC-SMCC', 16, '08:00:00', '08:45:00', 'DELETED', '2022-01-05 02:40:53', '2022-01-05 02:40:53'),
(188, 17, 'SMSC-SMSC', 16, '08:00:00', '08:45:00', 'OPEN', '2022-01-05 02:40:53', '2022-01-05 02:40:53'),
(189, 5, 'SMSC-SMSC', 16, '08:00:00', '08:45:00', 'CLOSED', '2022-01-05 02:40:53', '2022-01-05 02:40:53'),
(190, 49, 'SMSC-CITP', 16, '08:00:00', '08:45:00', 'OPEN', '2022-01-05 02:40:53', '2022-01-05 02:40:53'),
(191, 20, 'SMCC-SMCC', 16, '08:00:00', '08:45:00', 'CLOSED', '2022-01-05 02:40:53', '2022-01-05 02:40:53'),
(192, 18, 'SMSC-SMSC', 16, '08:00:00', '08:45:00', 'DELETED', '2022-01-05 02:40:53', '2022-01-05 02:40:53'),
(193, 35, 'SMSC-CITP', 16, '08:00:00', '08:45:00', 'ARRIVED', '2022-01-05 02:40:53', '2022-01-05 02:40:53'),
(194, 22, 'SMCC-SMCC', 16, '08:00:00', '08:45:00', 'OPEN', '2022-01-05 02:40:53', '2022-01-05 02:40:53'),
(195, 50, 'SMSC-SMCC', 16, '08:00:00', '08:45:00', 'DELETED', '2022-01-05 02:40:53', '2022-01-05 02:40:53'),
(196, 18, 'SMCC-SMCC', 16, '08:00:00', '08:45:00', 'DELETED', '2022-01-05 02:40:53', '2022-01-05 02:40:53'),
(197, 6, 'SMSC-SMSC', 16, '08:00:00', '08:45:00', 'OPEN', '2022-01-05 02:40:53', '2022-01-05 02:40:53'),
(198, 18, 'SMSC-SMSC', 16, '08:00:00', '08:45:00', 'DELETED', '2022-01-05 02:40:53', '2022-01-05 02:40:53'),
(199, 17, 'SMSC-CITP', 16, '08:00:00', '08:45:00', 'ARRIVED', '2022-01-05 02:40:53', '2022-01-05 02:40:53'),
(200, 31, 'SMSC-CITP', 16, '08:00:00', '08:45:00', 'ARRIVED', '2022-01-05 02:40:53', '2022-01-05 02:40:53'),
(201, 49, 'SMSC-SMCC', 16, '08:00:00', '08:45:00', 'ARRIVED', '2022-01-05 02:40:53', '2022-01-05 02:40:53'),
(202, 44, 'SMSC-CITP', 16, '08:00:00', '08:45:00', 'OPEN', '2022-01-05 02:40:53', '2022-01-05 02:40:53'),
(203, 11, 'SMSC-SMSC', 16, '08:00:00', '08:45:00', 'OPEN', '2022-01-05 02:40:53', '2022-01-05 02:40:53'),
(204, 2, 'SMSC-CITP', 16, '08:00:00', '08:45:00', 'DELETED', '2022-01-05 02:40:53', '2022-01-05 02:40:53'),
(205, 11, 'SMSC-CITP', 16, '08:00:00', '08:45:00', 'ARRIVED', '2022-01-05 02:40:53', '2022-01-05 02:40:53'),
(206, 19, 'SMSC-CITP', 16, '08:00:00', '08:45:00', 'DELETED', '2022-01-05 02:40:53', '2022-01-05 02:40:53'),
(207, 41, 'SMSC-SMCC', 16, '08:00:00', '08:45:00', 'CLOSED', '2022-01-05 02:40:53', '2022-01-05 02:40:53'),
(208, 24, 'SMCC-SMCC', 16, '08:00:00', '08:45:00', 'ARRIVED', '2022-01-05 02:40:53', '2022-01-05 02:40:53'),
(209, 35, 'SMSC-SMSC', 16, '08:00:00', '08:45:00', 'ARRIVED', '2022-01-05 02:40:53', '2022-01-05 02:40:53'),
(210, 7, 'SMSC-CITP', 16, '08:00:00', '08:45:00', 'OPEN', '2022-01-05 02:40:53', '2022-01-05 02:40:53'),
(211, 3, 'AYLA-CLNK', 16, '08:00:00', '08:45:00', 'DELETED', '2022-01-05 02:40:53', '2022-01-05 02:40:53'),
(212, 29, 'SMSC-CITP', 16, '08:00:00', '08:45:00', 'ARRIVED', '2022-01-05 02:40:53', '2022-01-05 02:40:53'),
(213, 38, 'SMSC-SMCC', 16, '08:00:00', '08:45:00', 'DELETED', '2022-01-05 02:40:53', '2022-01-05 02:40:53'),
(214, 38, 'SMCC-SMCC', 16, '08:00:00', '08:45:00', 'ARRIVED', '2022-01-05 02:40:53', '2022-01-05 02:40:53'),
(215, 42, 'SMSC-SMSC', 16, '08:00:00', '08:45:00', 'DELETED', '2022-01-05 02:40:53', '2022-01-05 02:40:53'),
(216, 2, 'SMSC-SMCC', 16, '08:00:00', '08:45:00', 'ARRIVED', '2022-01-05 02:40:53', '2022-01-05 02:40:53'),
(217, 36, 'SMSC-SMSC', 16, '08:00:00', '08:45:00', 'CLOSED', '2022-01-05 02:40:53', '2022-01-05 02:40:53'),
(218, 47, 'SMSC-SMSC', 16, '08:00:00', '08:45:00', 'CLOSED', '2022-01-05 02:40:53', '2022-01-05 02:40:53'),
(219, 16, 'SMCC-SMCC', 16, '08:00:00', '08:45:00', 'DELETED', '2022-01-05 02:40:53', '2022-01-05 02:40:53'),
(220, 29, 'SMCC-SMCC', 16, '08:00:00', '08:45:00', 'CLOSED', '2022-01-05 02:40:53', '2022-01-05 02:40:53'),
(221, 26, 'AYLA-CLNK', 16, '08:00:00', '08:45:00', 'CLOSED', '2022-01-05 02:40:53', '2022-01-05 02:40:53'),
(222, 48, 'AYLA-CLNK', 16, '08:00:00', '08:45:00', 'OPEN', '2022-01-05 02:40:53', '2022-01-05 02:40:53'),
(223, 19, 'AYLA-CLNK', 16, '08:00:00', '08:45:00', 'DELETED', '2022-01-05 02:40:53', '2022-01-05 02:40:53'),
(224, 7, 'SMSC-SMSC', 16, '08:00:00', '08:45:00', 'ARRIVED', '2022-01-05 02:40:53', '2022-01-05 02:40:53'),
(225, 30, 'AYLA-CLNK', 16, '08:00:00', '08:45:00', 'ARRIVED', '2022-01-05 02:40:53', '2022-01-05 02:40:53'),
(226, 44, 'SMSC-SMSC', 16, '08:00:00', '08:45:00', 'CLOSED', '2022-01-05 02:40:53', '2022-01-05 02:40:53'),
(227, 33, 'SMSC-CITP', 16, '08:00:00', '08:45:00', 'DELETED', '2022-01-05 02:40:53', '2022-01-05 02:40:53'),
(228, 30, 'AYLA-CLNK', 16, '08:00:00', '08:45:00', 'OPEN', '2022-01-05 02:40:53', '2022-01-05 02:40:53'),
(229, 11, 'SMSC-CITP', 16, '08:00:00', '08:45:00', 'OPEN', '2022-01-05 02:40:53', '2022-01-05 02:40:53'),
(230, 17, 'SMSC-SMCC', 16, '08:00:00', '08:45:00', 'CLOSED', '2022-01-05 02:40:53', '2022-01-05 02:40:53'),
(231, 19, 'SMSC-SMCC', 16, '08:00:00', '08:45:00', 'OPEN', '2022-01-05 02:40:53', '2022-01-05 02:40:53'),
(232, 45, 'SMSC-SMSC', 16, '08:00:00', '08:45:00', 'OPEN', '2022-01-05 02:40:53', '2022-01-05 02:40:53'),
(233, 44, 'SMCC-SMCC', 16, '08:00:00', '08:45:00', 'CLOSED', '2022-01-05 02:40:53', '2022-01-05 02:40:53'),
(234, 1, 'SMSC-CITP', 16, '08:00:00', '08:45:00', 'DELETED', '2022-01-05 02:40:53', '2022-01-05 02:40:53'),
(235, 1, 'AYLA-CLNK', 16, '08:00:00', '08:45:00', 'CLOSED', '2022-01-05 02:40:53', '2022-01-05 02:40:53'),
(236, 17, 'SMSC-SMSC', 16, '08:00:00', '08:45:00', 'ARRIVED', '2022-01-05 02:40:53', '2022-01-05 02:40:53'),
(237, 9, 'AYLA-CLNK', 16, '08:00:00', '08:45:00', 'OPEN', '2022-01-05 02:40:53', '2022-01-05 02:40:53'),
(238, 15, 'SMSC-SMCC', 16, '08:00:00', '08:45:00', 'OPEN', '2022-01-05 02:40:53', '2022-01-05 02:40:53'),
(239, 25, 'SMSC-SMCC', 16, '08:00:00', '08:45:00', 'OPEN', '2022-01-05 02:40:53', '2022-01-05 02:40:53'),
(240, 19, 'SMSC-SMCC', 16, '08:00:00', '08:45:00', 'DELETED', '2022-01-05 02:40:53', '2022-01-05 02:40:53'),
(241, 28, 'AYLA-CLNK', 16, '08:00:00', '08:45:00', 'DELETED', '2022-01-05 02:40:53', '2022-01-05 02:40:53'),
(242, 12, 'SMCC-SMCC', 16, '08:00:00', '08:45:00', 'OPEN', '2022-01-05 02:40:53', '2022-01-05 02:40:53'),
(243, 6, 'SMSC-SMSC', 16, '08:00:00', '08:45:00', 'OPEN', '2022-01-05 02:40:53', '2022-01-05 02:40:53'),
(244, 13, 'SMSC-CITP', 16, '08:00:00', '08:45:00', 'OPEN', '2022-01-05 02:40:53', '2022-01-05 02:40:53'),
(245, 18, 'SMSC-CITP', 16, '08:00:00', '08:45:00', 'DELETED', '2022-01-05 02:40:53', '2022-01-05 02:40:53'),
(246, 48, 'SMCC-SMCC', 16, '08:00:00', '08:45:00', 'DELETED', '2022-01-05 02:40:53', '2022-01-05 02:40:53'),
(247, 29, 'SMSC-CITP', 16, '08:00:00', '08:45:00', 'ARRIVED', '2022-01-05 02:40:53', '2022-01-05 02:40:53'),
(248, 1, 'SMSC-CITP', 16, '08:00:00', '08:45:00', 'DELETED', '2022-01-05 02:40:53', '2022-01-05 02:40:53'),
(249, 11, 'SMCC-SMCC', 16, '08:00:00', '08:45:00', 'CLOSED', '2022-01-05 02:40:53', '2022-01-05 02:40:53'),
(250, 21, 'SMSC-CITP', 16, '08:00:00', '08:45:00', 'ARRIVED', '2022-01-05 02:40:53', '2022-01-05 02:40:53');

-- --------------------------------------------------------

--
-- Table structure for table `users`
--

CREATE TABLE `users` (
  `userID` int(10) UNSIGNED NOT NULL,
  `Fname` varchar(255) COLLATE utf8mb4_unicode_ci NOT NULL,
  `Lname` varchar(255) COLLATE utf8mb4_unicode_ci NOT NULL,
  `username` varchar(255) COLLATE utf8mb4_unicode_ci NOT NULL,
  `email` varchar(255) COLLATE utf8mb4_unicode_ci NOT NULL,
  `password` varchar(255) COLLATE utf8mb4_unicode_ci NOT NULL,
  `contactNum` varchar(255) COLLATE utf8mb4_unicode_ci NOT NULL,
  `status` enum('ACTIVE','INACTIVE') COLLATE utf8mb4_unicode_ci NOT NULL DEFAULT 'ACTIVE',
  `role` enum('CUSTOMER','ADMIN','DRIVER') COLLATE utf8mb4_unicode_ci NOT NULL DEFAULT 'CUSTOMER',
  `created_at` timestamp NULL DEFAULT NULL,
  `updated_at` timestamp NULL DEFAULT NULL
) ENGINE=InnoDB DEFAULT CHARSET=utf8mb4 COLLATE=utf8mb4_unicode_ci;

--
-- Dumping data for table `users`
--

INSERT INTO `users` (`userID`, `Fname`, `Lname`, `username`, `email`, `password`, `contactNum`, `status`, `role`, `created_at`, `updated_at`) VALUES
(1, 'quo', 'quis', 'Sabina Gulgowski', 'gschinner@example.com', '$2y$10$92IXUNpkjO0rOQ5byMi.Ye4oKoEa3Ro9llC/.og/at2.uheWG/igi', '09276659400', 'ACTIVE', 'DRIVER', '2022-01-05 02:40:52', '2022-01-05 02:40:52'),
(2, 'perspiciatis', 'omnis', 'Rowena Windler IV', 'imayert@example.com', '$2y$10$92IXUNpkjO0rOQ5byMi.Ye4oKoEa3Ro9llC/.og/at2.uheWG/igi', '09126915342', 'ACTIVE', 'ADMIN', '2022-01-05 02:40:52', '2022-01-05 02:40:52'),
(3, 'tempore', 'ea', 'Dr. Maximo Johnston II', 'bwitting@example.com', '$2y$10$92IXUNpkjO0rOQ5byMi.Ye4oKoEa3Ro9llC/.og/at2.uheWG/igi', '09756954883', 'ACTIVE', 'ADMIN', '2022-01-05 02:40:52', '2022-01-05 02:40:52'),
(4, 'et', 'voluptas', 'Chad Nicolas IV', 'lafayette41@example.com', '$2y$10$92IXUNpkjO0rOQ5byMi.Ye4oKoEa3Ro9llC/.og/at2.uheWG/igi', '09230218347', 'INACTIVE', 'DRIVER', '2022-01-05 02:40:52', '2022-01-05 02:40:52'),
(5, 'eum', 'eveniet', 'Mr. Isac Hessel', 'austyn60@example.org', '$2y$10$92IXUNpkjO0rOQ5byMi.Ye4oKoEa3Ro9llC/.og/at2.uheWG/igi', '09489360269', 'INACTIVE', 'DRIVER', '2022-01-05 02:40:52', '2022-01-05 02:40:52'),
(6, 'voluptas', 'enim', 'Phyllis Murazik', 'qklein@example.org', '$2y$10$92IXUNpkjO0rOQ5byMi.Ye4oKoEa3Ro9llC/.og/at2.uheWG/igi', '09542916302', 'INACTIVE', 'DRIVER', '2022-01-05 02:40:52', '2022-01-05 02:40:52'),
(7, 'eos', 'et', 'Chanel Sipes', 'mathias.anderson@example.org', '$2y$10$92IXUNpkjO0rOQ5byMi.Ye4oKoEa3Ro9llC/.og/at2.uheWG/igi', '09812115191', 'ACTIVE', 'CUSTOMER', '2022-01-05 02:40:52', '2022-01-05 02:40:52'),
(8, 'consequatur', 'vitae', 'Tiara Mosciski', 'carlotta.wintheiser@example.org', '$2y$10$92IXUNpkjO0rOQ5byMi.Ye4oKoEa3Ro9llC/.og/at2.uheWG/igi', '09317785399', 'INACTIVE', 'ADMIN', '2022-01-05 02:40:52', '2022-01-05 02:40:52'),
(9, 'et', 'omnis', 'Mortimer Fritsch', 'vprohaska@example.com', '$2y$10$92IXUNpkjO0rOQ5byMi.Ye4oKoEa3Ro9llC/.og/at2.uheWG/igi', '09363255788', 'ACTIVE', 'DRIVER', '2022-01-05 02:40:52', '2022-01-05 02:40:52'),
(10, 'delectus', 'omnis', 'Amelie Padberg', 'hortense.johnson@example.org', '$2y$10$92IXUNpkjO0rOQ5byMi.Ye4oKoEa3Ro9llC/.og/at2.uheWG/igi', '09345889930', 'INACTIVE', 'DRIVER', '2022-01-05 02:40:52', '2022-01-05 02:40:52'),
(11, 'sit', 'esse', 'Cody Reynolds', 'jerde.akeem@example.org', '$2y$10$92IXUNpkjO0rOQ5byMi.Ye4oKoEa3Ro9llC/.og/at2.uheWG/igi', '09069772201', 'INACTIVE', 'CUSTOMER', '2022-01-05 02:40:52', '2022-01-05 02:40:52'),
(12, 'ullam', 'consequatur', 'Hettie Keebler DVM', 'josefina72@example.net', '$2y$10$92IXUNpkjO0rOQ5byMi.Ye4oKoEa3Ro9llC/.og/at2.uheWG/igi', '09453832296', 'ACTIVE', 'DRIVER', '2022-01-05 02:40:52', '2022-01-05 02:40:52'),
(13, 'temporibus', 'repellendus', 'Easton Mueller', 'heaney.tamara@example.net', '$2y$10$92IXUNpkjO0rOQ5byMi.Ye4oKoEa3Ro9llC/.og/at2.uheWG/igi', '09528291422', 'ACTIVE', 'ADMIN', '2022-01-05 02:40:52', '2022-01-05 02:40:52'),
(14, 'eligendi', 'neque', 'Grayce Gibson', 'beatty.reagan@example.net', '$2y$10$92IXUNpkjO0rOQ5byMi.Ye4oKoEa3Ro9llC/.og/at2.uheWG/igi', '09403778459', 'ACTIVE', 'CUSTOMER', '2022-01-05 02:40:52', '2022-01-05 02:40:52'),
(15, 'quod', 'quia', 'Rasheed Goyette', 'gernser@example.net', '$2y$10$92IXUNpkjO0rOQ5byMi.Ye4oKoEa3Ro9llC/.og/at2.uheWG/igi', '09369859353', 'ACTIVE', 'DRIVER', '2022-01-05 02:40:52', '2022-01-05 02:40:52'),
(16, 'dignissimos', 'perspiciatis', 'Prof. Jamey Dare III', 'wunsch.patricia@example.net', '$2y$10$92IXUNpkjO0rOQ5byMi.Ye4oKoEa3Ro9llC/.og/at2.uheWG/igi', '09667183131', 'ACTIVE', 'ADMIN', '2022-01-05 02:40:52', '2022-01-05 02:40:52'),
(17, 'assumenda', 'explicabo', 'Furman Schumm I', 'jaskolski.desmond@example.net', '$2y$10$92IXUNpkjO0rOQ5byMi.Ye4oKoEa3Ro9llC/.og/at2.uheWG/igi', '09398722700', 'ACTIVE', 'CUSTOMER', '2022-01-05 02:40:52', '2022-01-05 02:40:52'),
(18, 'iste', 'architecto', 'Duncan Kuhic PhD', 'pietro20@example.net', '$2y$10$92IXUNpkjO0rOQ5byMi.Ye4oKoEa3Ro9llC/.og/at2.uheWG/igi', '09420854407', 'INACTIVE', 'ADMIN', '2022-01-05 02:40:52', '2022-01-05 02:40:52'),
(19, 'a', 'error', 'Jamarcus Homenick', 'freddy42@example.net', '$2y$10$92IXUNpkjO0rOQ5byMi.Ye4oKoEa3Ro9llC/.og/at2.uheWG/igi', '09122495736', 'ACTIVE', 'CUSTOMER', '2022-01-05 02:40:52', '2022-01-05 02:40:52'),
(20, 'earum', 'aut', 'Ms. Jakayla Predovic', 'johanna52@example.com', '$2y$10$92IXUNpkjO0rOQ5byMi.Ye4oKoEa3Ro9llC/.og/at2.uheWG/igi', '09400136087', 'INACTIVE', 'DRIVER', '2022-01-05 02:40:52', '2022-01-05 02:40:52'),
(21, 'impedit', 'a', 'Dr. Kavon Wisozk I', 'kelton.hayes@example.org', '$2y$10$92IXUNpkjO0rOQ5byMi.Ye4oKoEa3Ro9llC/.og/at2.uheWG/igi', '09374616391', 'INACTIVE', 'ADMIN', '2022-01-05 02:40:52', '2022-01-05 02:40:52'),
(22, 'atque', 'nulla', 'Mrs. Anahi Goldner Sr.', 'ewald34@example.org', '$2y$10$92IXUNpkjO0rOQ5byMi.Ye4oKoEa3Ro9llC/.og/at2.uheWG/igi', '09206847889', 'INACTIVE', 'DRIVER', '2022-01-05 02:40:52', '2022-01-05 02:40:52'),
(23, 'dignissimos', 'vel', 'Dr. Name Kertzmann MD', 'sierra.muller@example.com', '$2y$10$92IXUNpkjO0rOQ5byMi.Ye4oKoEa3Ro9llC/.og/at2.uheWG/igi', '09862095034', 'ACTIVE', 'ADMIN', '2022-01-05 02:40:52', '2022-01-05 02:40:52'),
(24, 'ut', 'quis', 'Miss Gina Windler III', 'mertz.gerson@example.com', '$2y$10$92IXUNpkjO0rOQ5byMi.Ye4oKoEa3Ro9llC/.og/at2.uheWG/igi', '09312825584', 'ACTIVE', 'ADMIN', '2022-01-05 02:40:52', '2022-01-05 02:40:52'),
(25, 'omnis', 'deleniti', 'Sally Homenick', 'cassin.louie@example.org', '$2y$10$92IXUNpkjO0rOQ5byMi.Ye4oKoEa3Ro9llC/.og/at2.uheWG/igi', '09695024322', 'INACTIVE', 'ADMIN', '2022-01-05 02:40:52', '2022-01-05 02:40:52'),
(26, 'sit', 'aut', 'Darius McLaughlin', 'gay68@example.com', '$2y$10$92IXUNpkjO0rOQ5byMi.Ye4oKoEa3Ro9llC/.og/at2.uheWG/igi', '09516006846', 'ACTIVE', 'ADMIN', '2022-01-05 02:40:52', '2022-01-05 02:40:52'),
(27, 'accusamus', 'sapiente', 'Dillon Metz', 'aida.hand@example.com', '$2y$10$92IXUNpkjO0rOQ5byMi.Ye4oKoEa3Ro9llC/.og/at2.uheWG/igi', '09275305658', 'INACTIVE', 'CUSTOMER', '2022-01-05 02:40:52', '2022-01-05 02:40:52'),
(28, 'consequatur', 'deserunt', 'Ryleigh Lynch', 'dayton55@example.org', '$2y$10$92IXUNpkjO0rOQ5byMi.Ye4oKoEa3Ro9llC/.og/at2.uheWG/igi', '09729154651', 'INACTIVE', 'CUSTOMER', '2022-01-05 02:40:52', '2022-01-05 02:40:52'),
(29, 'deserunt', 'recusandae', 'Johan Luettgen', 'jacquelyn.wyman@example.net', '$2y$10$92IXUNpkjO0rOQ5byMi.Ye4oKoEa3Ro9llC/.og/at2.uheWG/igi', '09196150152', 'INACTIVE', 'DRIVER', '2022-01-05 02:40:52', '2022-01-05 02:40:52'),
(30, 'sequi', 'exercitationem', 'Joaquin Bogan', 'emilie.weimann@example.net', '$2y$10$92IXUNpkjO0rOQ5byMi.Ye4oKoEa3Ro9llC/.og/at2.uheWG/igi', '09061835769', 'INACTIVE', 'ADMIN', '2022-01-05 02:40:52', '2022-01-05 02:40:52'),
(31, 'voluptas', 'non', 'Elda Robel', 'jennie50@example.com', '$2y$10$92IXUNpkjO0rOQ5byMi.Ye4oKoEa3Ro9llC/.og/at2.uheWG/igi', '09877418347', 'ACTIVE', 'CUSTOMER', '2022-01-05 02:40:52', '2022-01-05 02:40:52'),
(32, 'est', 'voluptas', 'Electa Zemlak', 'marlee.graham@example.com', '$2y$10$92IXUNpkjO0rOQ5byMi.Ye4oKoEa3Ro9llC/.og/at2.uheWG/igi', '09108418545', 'INACTIVE', 'DRIVER', '2022-01-05 02:40:52', '2022-01-05 02:40:52'),
(33, 'voluptate', 'repellat', 'Haley Feeney', 'hill.joan@example.com', '$2y$10$92IXUNpkjO0rOQ5byMi.Ye4oKoEa3Ro9llC/.og/at2.uheWG/igi', '09340353817', 'ACTIVE', 'CUSTOMER', '2022-01-05 02:40:52', '2022-01-05 02:40:52'),
(34, 'vel', 'veritatis', 'Dr. Percival Skiles Sr.', 'roob.candace@example.net', '$2y$10$92IXUNpkjO0rOQ5byMi.Ye4oKoEa3Ro9llC/.og/at2.uheWG/igi', '09609894336', 'ACTIVE', 'ADMIN', '2022-01-05 02:40:52', '2022-01-05 02:40:52'),
(35, 'in', 'est', 'Bettie Jones', 'milo62@example.com', '$2y$10$92IXUNpkjO0rOQ5byMi.Ye4oKoEa3Ro9llC/.og/at2.uheWG/igi', '09333187109', 'ACTIVE', 'DRIVER', '2022-01-05 02:40:52', '2022-01-05 02:40:52'),
(36, 'explicabo', 'id', 'Enos Weimann', 'windler.fausto@example.com', '$2y$10$92IXUNpkjO0rOQ5byMi.Ye4oKoEa3Ro9llC/.og/at2.uheWG/igi', '09588734352', 'ACTIVE', 'ADMIN', '2022-01-05 02:40:52', '2022-01-05 02:40:52'),
(37, 'eveniet', 'recusandae', 'Shannon Mertz', 'mike41@example.org', '$2y$10$92IXUNpkjO0rOQ5byMi.Ye4oKoEa3Ro9llC/.og/at2.uheWG/igi', '09665570147', 'INACTIVE', 'CUSTOMER', '2022-01-05 02:40:52', '2022-01-05 02:40:52'),
(38, 'quisquam', 'facere', 'Elda Heller III', 'adurgan@example.org', '$2y$10$92IXUNpkjO0rOQ5byMi.Ye4oKoEa3Ro9llC/.og/at2.uheWG/igi', '09208692777', 'INACTIVE', 'ADMIN', '2022-01-05 02:40:52', '2022-01-05 02:40:52'),
(39, 'aut', 'numquam', 'Chelsea Lindgren V', 'bradtke.edison@example.net', '$2y$10$92IXUNpkjO0rOQ5byMi.Ye4oKoEa3Ro9llC/.og/at2.uheWG/igi', '09844502241', 'INACTIVE', 'DRIVER', '2022-01-05 02:40:52', '2022-01-05 02:40:52'),
(40, 'eos', 'libero', 'Magdalena Haley', 'gottlieb.krista@example.org', '$2y$10$92IXUNpkjO0rOQ5byMi.Ye4oKoEa3Ro9llC/.og/at2.uheWG/igi', '09505713276', 'ACTIVE', 'CUSTOMER', '2022-01-05 02:40:52', '2022-01-05 02:40:52'),
(41, 'quia', 'ex', 'Anastasia Beier', 'keyshawn90@example.net', '$2y$10$92IXUNpkjO0rOQ5byMi.Ye4oKoEa3Ro9llC/.og/at2.uheWG/igi', '09581028777', 'ACTIVE', 'ADMIN', '2022-01-05 02:40:52', '2022-01-05 02:40:52'),
(42, 'sed', 'nam', 'Guy Kiehn', 'lorna.kub@example.org', '$2y$10$92IXUNpkjO0rOQ5byMi.Ye4oKoEa3Ro9llC/.og/at2.uheWG/igi', '09668900580', 'ACTIVE', 'DRIVER', '2022-01-05 02:40:52', '2022-01-05 02:40:52'),
(43, 'aut', 'est', 'Gilbert Price', 'abbey24@example.net', '$2y$10$92IXUNpkjO0rOQ5byMi.Ye4oKoEa3Ro9llC/.og/at2.uheWG/igi', '09711789969', 'ACTIVE', 'DRIVER', '2022-01-05 02:40:52', '2022-01-05 02:40:52'),
(44, 'dolorem', 'voluptatibus', 'Ana Steuber PhD', 'mfarrell@example.net', '$2y$10$92IXUNpkjO0rOQ5byMi.Ye4oKoEa3Ro9llC/.og/at2.uheWG/igi', '09803357540', 'ACTIVE', 'ADMIN', '2022-01-05 02:40:52', '2022-01-05 02:40:52'),
(45, 'earum', 'distinctio', 'Carlo Becker', 'aniya50@example.org', '$2y$10$92IXUNpkjO0rOQ5byMi.Ye4oKoEa3Ro9llC/.og/at2.uheWG/igi', '09612411384', 'INACTIVE', 'ADMIN', '2022-01-05 02:40:52', '2022-01-05 02:40:52'),
(46, 'fuga', 'unde', 'Green Kozey', 'carlos97@example.net', '$2y$10$92IXUNpkjO0rOQ5byMi.Ye4oKoEa3Ro9llC/.og/at2.uheWG/igi', '09546752031', 'INACTIVE', 'DRIVER', '2022-01-05 02:40:52', '2022-01-05 02:40:52'),
(47, 'vel', 'iusto', 'Daryl Bergstrom', 'labadie.leda@example.org', '$2y$10$92IXUNpkjO0rOQ5byMi.Ye4oKoEa3Ro9llC/.og/at2.uheWG/igi', '09172391552', 'INACTIVE', 'DRIVER', '2022-01-05 02:40:52', '2022-01-05 02:40:52'),
(48, 'eos', 'beatae', 'Alden Emmerich', 'ernestine.stark@example.net', '$2y$10$92IXUNpkjO0rOQ5byMi.Ye4oKoEa3Ro9llC/.og/at2.uheWG/igi', '09106285095', 'INACTIVE', 'CUSTOMER', '2022-01-05 02:40:52', '2022-01-05 02:40:52'),
(49, 'dolor', 'eius', 'Elisabeth Fadel', 'hmetz@example.net', '$2y$10$92IXUNpkjO0rOQ5byMi.Ye4oKoEa3Ro9llC/.og/at2.uheWG/igi', '09415646821', 'INACTIVE', 'ADMIN', '2022-01-05 02:40:52', '2022-01-05 02:40:52'),
(50, 'consequatur', 'occaecati', 'Lisandro Kuhn V', 'hintz.eulalia@example.net', '$2y$10$92IXUNpkjO0rOQ5byMi.Ye4oKoEa3Ro9llC/.og/at2.uheWG/igi', '09342011399', 'ACTIVE', 'CUSTOMER', '2022-01-05 02:40:52', '2022-01-05 02:40:52'),
(51, 'nam', 'ipsam', 'Paige Armstrong', 'katlynn.volkman@example.com', '$2y$10$92IXUNpkjO0rOQ5byMi.Ye4oKoEa3Ro9llC/.og/at2.uheWG/igi', '09063309635', 'INACTIVE', 'CUSTOMER', '2022-01-05 02:40:52', '2022-01-05 02:40:52'),
(52, 'quam', 'sunt', 'Prof. Alexa Nolan III', 'swift.kay@example.com', '$2y$10$92IXUNpkjO0rOQ5byMi.Ye4oKoEa3Ro9llC/.og/at2.uheWG/igi', '09958741288', 'INACTIVE', 'CUSTOMER', '2022-01-05 02:40:52', '2022-01-05 02:40:52'),
(53, 'animi', 'error', 'Alec Schmidt', 'jodie.wiegand@example.com', '$2y$10$92IXUNpkjO0rOQ5byMi.Ye4oKoEa3Ro9llC/.og/at2.uheWG/igi', '09537091790', 'INACTIVE', 'DRIVER', '2022-01-05 02:40:52', '2022-01-05 02:40:52'),
(54, 'enim', 'illo', 'Amya Waelchi', 'ben.schroeder@example.com', '$2y$10$92IXUNpkjO0rOQ5byMi.Ye4oKoEa3Ro9llC/.og/at2.uheWG/igi', '09659890643', 'INACTIVE', 'CUSTOMER', '2022-01-05 02:40:52', '2022-01-05 02:40:52'),
(55, 'omnis', 'voluptatem', 'Wava Dooley I', 'rlittel@example.net', '$2y$10$92IXUNpkjO0rOQ5byMi.Ye4oKoEa3Ro9llC/.og/at2.uheWG/igi', '09514631660', 'INACTIVE', 'DRIVER', '2022-01-05 02:40:52', '2022-01-05 02:40:52'),
(56, 'aut', 'sunt', 'Prof. Jerry Streich Jr.', 'alessandra38@example.com', '$2y$10$92IXUNpkjO0rOQ5byMi.Ye4oKoEa3Ro9llC/.og/at2.uheWG/igi', '09685726545', 'INACTIVE', 'ADMIN', '2022-01-05 02:40:52', '2022-01-05 02:40:52'),
(57, 'qui', 'quas', 'Dillon Russel', 'xoconnell@example.org', '$2y$10$92IXUNpkjO0rOQ5byMi.Ye4oKoEa3Ro9llC/.og/at2.uheWG/igi', '09409262423', 'ACTIVE', 'CUSTOMER', '2022-01-05 02:40:52', '2022-01-05 02:40:52'),
(58, 'est', 'aspernatur', 'Manuela Leffler', 'bwilkinson@example.org', '$2y$10$92IXUNpkjO0rOQ5byMi.Ye4oKoEa3Ro9llC/.og/at2.uheWG/igi', '09690494846', 'ACTIVE', 'DRIVER', '2022-01-05 02:40:52', '2022-01-05 02:40:52'),
(59, 'nisi', 'amet', 'Prof. Elsie Ullrich Sr.', 'thompson.tad@example.net', '$2y$10$92IXUNpkjO0rOQ5byMi.Ye4oKoEa3Ro9llC/.og/at2.uheWG/igi', '09089424869', 'ACTIVE', 'ADMIN', '2022-01-05 02:40:52', '2022-01-05 02:40:52'),
(60, 'dolore', 'voluptas', 'Tiffany Altenwerth', 'zborer@example.org', '$2y$10$92IXUNpkjO0rOQ5byMi.Ye4oKoEa3Ro9llC/.og/at2.uheWG/igi', '09144530095', 'ACTIVE', 'ADMIN', '2022-01-05 02:40:52', '2022-01-05 02:40:52'),
(61, 'rerum', 'sint', 'Mr. Roger Fahey Sr.', 'krajcik.josiane@example.com', '$2y$10$92IXUNpkjO0rOQ5byMi.Ye4oKoEa3Ro9llC/.og/at2.uheWG/igi', '09196702455', 'INACTIVE', 'DRIVER', '2022-01-05 02:40:52', '2022-01-05 02:40:52'),
(62, 'placeat', 'recusandae', 'Laurie Hansen', 'hrowe@example.org', '$2y$10$92IXUNpkjO0rOQ5byMi.Ye4oKoEa3Ro9llC/.og/at2.uheWG/igi', '09767497727', 'ACTIVE', 'ADMIN', '2022-01-05 02:40:52', '2022-01-05 02:40:52'),
(63, 'earum', 'qui', 'Stacy Fahey', 'deanna.tillman@example.net', '$2y$10$92IXUNpkjO0rOQ5byMi.Ye4oKoEa3Ro9llC/.og/at2.uheWG/igi', '09621515528', 'INACTIVE', 'ADMIN', '2022-01-05 02:40:52', '2022-01-05 02:40:52'),
(64, 'quia', 'porro', 'Broderick Kihn', 'ghomenick@example.com', '$2y$10$92IXUNpkjO0rOQ5byMi.Ye4oKoEa3Ro9llC/.og/at2.uheWG/igi', '09953937979', 'INACTIVE', 'CUSTOMER', '2022-01-05 02:40:52', '2022-01-05 02:40:52'),
(65, 'molestias', 'a', 'Marjolaine Kihn', 'prince.green@example.net', '$2y$10$92IXUNpkjO0rOQ5byMi.Ye4oKoEa3Ro9llC/.og/at2.uheWG/igi', '09382835862', 'INACTIVE', 'DRIVER', '2022-01-05 02:40:52', '2022-01-05 02:40:52'),
(66, 'dolorum', 'corporis', 'Mrs. Alize Bartell', 'maryam46@example.net', '$2y$10$92IXUNpkjO0rOQ5byMi.Ye4oKoEa3Ro9llC/.og/at2.uheWG/igi', '09834920220', 'ACTIVE', 'DRIVER', '2022-01-05 02:40:52', '2022-01-05 02:40:52'),
(67, 'earum', 'rerum', 'Franz Leannon', 'flavio.price@example.com', '$2y$10$92IXUNpkjO0rOQ5byMi.Ye4oKoEa3Ro9llC/.og/at2.uheWG/igi', '09532672443', 'INACTIVE', 'ADMIN', '2022-01-05 02:40:52', '2022-01-05 02:40:52'),
(68, 'iste', 'labore', 'Tanner Stokes', 'uconn@example.org', '$2y$10$92IXUNpkjO0rOQ5byMi.Ye4oKoEa3Ro9llC/.og/at2.uheWG/igi', '09506168940', 'INACTIVE', 'DRIVER', '2022-01-05 02:40:52', '2022-01-05 02:40:52'),
(69, 'placeat', 'nemo', 'Eli Klein', 'wunsch.maddison@example.org', '$2y$10$92IXUNpkjO0rOQ5byMi.Ye4oKoEa3Ro9llC/.og/at2.uheWG/igi', '09130136636', 'INACTIVE', 'DRIVER', '2022-01-05 02:40:52', '2022-01-05 02:40:52'),
(70, 'non', 'hic', 'Erica Harber', 'quinn38@example.org', '$2y$10$92IXUNpkjO0rOQ5byMi.Ye4oKoEa3Ro9llC/.og/at2.uheWG/igi', '09813855991', 'ACTIVE', 'CUSTOMER', '2022-01-05 02:40:52', '2022-01-05 02:40:52'),
(71, 'quo', 'veritatis', 'Giovanny Stehr', 'llang@example.com', '$2y$10$92IXUNpkjO0rOQ5byMi.Ye4oKoEa3Ro9llC/.og/at2.uheWG/igi', '09299695876', 'ACTIVE', 'CUSTOMER', '2022-01-05 02:40:52', '2022-01-05 02:40:52'),
(72, 'quod', 'doloribus', 'Kaitlyn Fay', 'raleigh03@example.com', '$2y$10$92IXUNpkjO0rOQ5byMi.Ye4oKoEa3Ro9llC/.og/at2.uheWG/igi', '09550325317', 'INACTIVE', 'CUSTOMER', '2022-01-05 02:40:52', '2022-01-05 02:40:52'),
(73, 'neque', 'sit', 'Mr. Boyd Lubowitz', 'niko.jerde@example.net', '$2y$10$92IXUNpkjO0rOQ5byMi.Ye4oKoEa3Ro9llC/.og/at2.uheWG/igi', '09856995210', 'ACTIVE', 'ADMIN', '2022-01-05 02:40:52', '2022-01-05 02:40:52'),
(74, 'blanditiis', 'deleniti', 'Merlin Considine', 'weber.verlie@example.org', '$2y$10$92IXUNpkjO0rOQ5byMi.Ye4oKoEa3Ro9llC/.og/at2.uheWG/igi', '09192572038', 'INACTIVE', 'CUSTOMER', '2022-01-05 02:40:52', '2022-01-05 02:40:52'),
(75, 'officia', 'fugiat', 'Elvis Purdy', 'cody.simonis@example.org', '$2y$10$92IXUNpkjO0rOQ5byMi.Ye4oKoEa3Ro9llC/.og/at2.uheWG/igi', '09568939165', 'INACTIVE', 'DRIVER', '2022-01-05 02:40:52', '2022-01-05 02:40:52'),
(76, 'maiores', 'eligendi', 'Dr. Alda Kerluke', 'bblock@example.net', '$2y$10$92IXUNpkjO0rOQ5byMi.Ye4oKoEa3Ro9llC/.og/at2.uheWG/igi', '09789409403', 'ACTIVE', 'CUSTOMER', '2022-01-05 02:40:52', '2022-01-05 02:40:52'),
(77, 'aliquam', 'recusandae', 'Merlin Greenholt', 'dejuan.borer@example.net', '$2y$10$92IXUNpkjO0rOQ5byMi.Ye4oKoEa3Ro9llC/.og/at2.uheWG/igi', '09545665193', 'ACTIVE', 'DRIVER', '2022-01-05 02:40:52', '2022-01-05 02:40:52'),
(78, 'ad', 'magnam', 'Heath Waelchi', 'rhea38@example.com', '$2y$10$92IXUNpkjO0rOQ5byMi.Ye4oKoEa3Ro9llC/.og/at2.uheWG/igi', '09734342271', 'INACTIVE', 'DRIVER', '2022-01-05 02:40:52', '2022-01-05 02:40:52'),
(79, 'dignissimos', 'dignissimos', 'Donnell Cummings II', 'hubert02@example.com', '$2y$10$92IXUNpkjO0rOQ5byMi.Ye4oKoEa3Ro9llC/.og/at2.uheWG/igi', '09559620063', 'INACTIVE', 'CUSTOMER', '2022-01-05 02:40:52', '2022-01-05 02:40:52'),
(80, 'optio', 'impedit', 'Jarret Lynch I', 'marianne53@example.org', '$2y$10$92IXUNpkjO0rOQ5byMi.Ye4oKoEa3Ro9llC/.og/at2.uheWG/igi', '09924315195', 'ACTIVE', 'ADMIN', '2022-01-05 02:40:52', '2022-01-05 02:40:52'),
(81, 'non', 'aperiam', 'Jewell Runolfsdottir', 'krystina.wuckert@example.org', '$2y$10$92IXUNpkjO0rOQ5byMi.Ye4oKoEa3Ro9llC/.og/at2.uheWG/igi', '09345627546', 'INACTIVE', 'DRIVER', '2022-01-05 02:40:52', '2022-01-05 02:40:52'),
(82, 'aut', 'molestiae', 'Mckayla Kerluke', 'pearl35@example.org', '$2y$10$92IXUNpkjO0rOQ5byMi.Ye4oKoEa3Ro9llC/.og/at2.uheWG/igi', '09127035595', 'INACTIVE', 'CUSTOMER', '2022-01-05 02:40:52', '2022-01-05 02:40:52'),
(83, 'aut', 'fugit', 'Madonna Effertz', 'sabryna04@example.net', '$2y$10$92IXUNpkjO0rOQ5byMi.Ye4oKoEa3Ro9llC/.og/at2.uheWG/igi', '09448264719', 'ACTIVE', 'ADMIN', '2022-01-05 02:40:52', '2022-01-05 02:40:52'),
(84, 'illo', 'esse', 'Lindsay Wisoky', 'konopelski.marcia@example.com', '$2y$10$92IXUNpkjO0rOQ5byMi.Ye4oKoEa3Ro9llC/.og/at2.uheWG/igi', '09891781207', 'INACTIVE', 'DRIVER', '2022-01-05 02:40:52', '2022-01-05 02:40:52'),
(85, 'consequuntur', 'debitis', 'Maudie Considine PhD', 'nova.treutel@example.net', '$2y$10$92IXUNpkjO0rOQ5byMi.Ye4oKoEa3Ro9llC/.og/at2.uheWG/igi', '09156763256', 'ACTIVE', 'DRIVER', '2022-01-05 02:40:52', '2022-01-05 02:40:52'),
(86, 'nemo', 'nobis', 'Reyes Ruecker', 'nemmerich@example.net', '$2y$10$92IXUNpkjO0rOQ5byMi.Ye4oKoEa3Ro9llC/.og/at2.uheWG/igi', '09105859655', 'INACTIVE', 'DRIVER', '2022-01-05 02:40:52', '2022-01-05 02:40:52'),
(87, 'non', 'reiciendis', 'Thalia Muller V', 'wilkinson.theodora@example.com', '$2y$10$92IXUNpkjO0rOQ5byMi.Ye4oKoEa3Ro9llC/.og/at2.uheWG/igi', '09880707020', 'INACTIVE', 'DRIVER', '2022-01-05 02:40:52', '2022-01-05 02:40:52'),
(88, 'vitae', 'enim', 'Mr. Terrence DuBuque', 'krajcik.ottis@example.com', '$2y$10$92IXUNpkjO0rOQ5byMi.Ye4oKoEa3Ro9llC/.og/at2.uheWG/igi', '09512548791', 'ACTIVE', 'ADMIN', '2022-01-05 02:40:52', '2022-01-05 02:40:52'),
(89, 'aut', 'adipisci', 'Darrick Dach', 'jpouros@example.com', '$2y$10$92IXUNpkjO0rOQ5byMi.Ye4oKoEa3Ro9llC/.og/at2.uheWG/igi', '09521976944', 'INACTIVE', 'DRIVER', '2022-01-05 02:40:52', '2022-01-05 02:40:52'),
(90, 'dolor', 'nulla', 'Prof. Ernesto Kihn DDS', 'hahn.baron@example.net', '$2y$10$92IXUNpkjO0rOQ5byMi.Ye4oKoEa3Ro9llC/.og/at2.uheWG/igi', '09252273844', 'ACTIVE', 'DRIVER', '2022-01-05 02:40:52', '2022-01-05 02:40:52'),
(91, 'esse', 'voluptatem', 'Laurie Rodriguez', 'angelo.carter@example.com', '$2y$10$92IXUNpkjO0rOQ5byMi.Ye4oKoEa3Ro9llC/.og/at2.uheWG/igi', '09351281972', 'INACTIVE', 'CUSTOMER', '2022-01-05 02:40:52', '2022-01-05 02:40:52'),
(92, 'eveniet', 'et', 'Sierra Hyatt', 'ian.erdman@example.com', '$2y$10$92IXUNpkjO0rOQ5byMi.Ye4oKoEa3Ro9llC/.og/at2.uheWG/igi', '09873428639', 'INACTIVE', 'DRIVER', '2022-01-05 02:40:52', '2022-01-05 02:40:52'),
(93, 'sapiente', 'tempore', 'Nyasia Simonis', 'parker.gerson@example.com', '$2y$10$92IXUNpkjO0rOQ5byMi.Ye4oKoEa3Ro9llC/.og/at2.uheWG/igi', '09449754387', 'ACTIVE', 'ADMIN', '2022-01-05 02:40:52', '2022-01-05 02:40:52'),
(94, 'aut', 'et', 'Jettie Blanda', 'jschamberger@example.com', '$2y$10$92IXUNpkjO0rOQ5byMi.Ye4oKoEa3Ro9llC/.og/at2.uheWG/igi', '09675435679', 'INACTIVE', 'DRIVER', '2022-01-05 02:40:52', '2022-01-05 02:40:52'),
(95, 'porro', 'molestiae', 'Robbie Davis', 'fbrown@example.com', '$2y$10$92IXUNpkjO0rOQ5byMi.Ye4oKoEa3Ro9llC/.og/at2.uheWG/igi', '09308715533', 'INACTIVE', 'ADMIN', '2022-01-05 02:40:52', '2022-01-05 02:40:52'),
(96, 'delectus', 'maxime', 'Elsa McDermott', 'audie52@example.net', '$2y$10$92IXUNpkjO0rOQ5byMi.Ye4oKoEa3Ro9llC/.og/at2.uheWG/igi', '09372050438', 'INACTIVE', 'DRIVER', '2022-01-05 02:40:52', '2022-01-05 02:40:52'),
(97, 'maxime', 'quia', 'Cristal Dibbert IV', 'enolan@example.net', '$2y$10$92IXUNpkjO0rOQ5byMi.Ye4oKoEa3Ro9llC/.og/at2.uheWG/igi', '09563729432', 'INACTIVE', 'ADMIN', '2022-01-05 02:40:52', '2022-01-05 02:40:52'),
(98, 'est', 'inventore', 'Clementina Wisoky', 'effie.walker@example.org', '$2y$10$92IXUNpkjO0rOQ5byMi.Ye4oKoEa3Ro9llC/.og/at2.uheWG/igi', '09662560643', 'INACTIVE', 'CUSTOMER', '2022-01-05 02:40:52', '2022-01-05 02:40:52'),
(99, 'molestiae', 'iure', 'Allison Little', 'tod.friesen@example.org', '$2y$10$92IXUNpkjO0rOQ5byMi.Ye4oKoEa3Ro9llC/.og/at2.uheWG/igi', '09347767857', 'ACTIVE', 'DRIVER', '2022-01-05 02:40:52', '2022-01-05 02:40:52'),
(100, 'earum', 'necessitatibus', 'Jeanette Pfannerstill', 'stephon10@example.org', '$2y$10$92IXUNpkjO0rOQ5byMi.Ye4oKoEa3Ro9llC/.og/at2.uheWG/igi', '09604946089', 'INACTIVE', 'CUSTOMER', '2022-01-05 02:40:52', '2022-01-05 02:40:52'),
(101, 'velit', 'aut', 'Dr. Ken Rippin', 'marco98@example.net', '$2y$10$92IXUNpkjO0rOQ5byMi.Ye4oKoEa3Ro9llC/.og/at2.uheWG/igi', '09606574990', 'INACTIVE', 'ADMIN', '2022-01-05 02:40:52', '2022-01-05 02:40:52'),
(102, 'placeat', 'aut', 'Mack Huels', 'aidan.littel@example.net', '$2y$10$92IXUNpkjO0rOQ5byMi.Ye4oKoEa3Ro9llC/.og/at2.uheWG/igi', '09725122778', 'INACTIVE', 'ADMIN', '2022-01-05 02:40:52', '2022-01-05 02:40:52'),
(103, 'itaque', 'qui', 'Juanita Kertzmann', 'tristian53@example.com', '$2y$10$92IXUNpkjO0rOQ5byMi.Ye4oKoEa3Ro9llC/.og/at2.uheWG/igi', '09876901853', 'ACTIVE', 'DRIVER', '2022-01-05 02:40:52', '2022-01-05 02:40:52'),
(104, 'adipisci', 'nostrum', 'Kenyatta Rogahn', 'shanel.wolff@example.org', '$2y$10$92IXUNpkjO0rOQ5byMi.Ye4oKoEa3Ro9llC/.og/at2.uheWG/igi', '09852567234', 'ACTIVE', 'DRIVER', '2022-01-05 02:40:52', '2022-01-05 02:40:52'),
(105, 'sunt', 'quos', 'Granville Leffler', 'drake35@example.net', '$2y$10$92IXUNpkjO0rOQ5byMi.Ye4oKoEa3Ro9llC/.og/at2.uheWG/igi', '09772670265', 'ACTIVE', 'DRIVER', '2022-01-05 02:40:52', '2022-01-05 02:40:52'),
(106, 'tempore', 'sequi', 'Dr. Darius Gottlieb', 'else.batz@example.net', '$2y$10$92IXUNpkjO0rOQ5byMi.Ye4oKoEa3Ro9llC/.og/at2.uheWG/igi', '09217831695', 'INACTIVE', 'ADMIN', '2022-01-05 02:40:52', '2022-01-05 02:40:52'),
(107, 'quae', 'quos', 'Marianna Adams', 'kiara.wunsch@example.net', '$2y$10$92IXUNpkjO0rOQ5byMi.Ye4oKoEa3Ro9llC/.og/at2.uheWG/igi', '09085841173', 'INACTIVE', 'DRIVER', '2022-01-05 02:40:52', '2022-01-05 02:40:52'),
(108, 'consectetur', 'totam', 'Veronica Wintheiser', 'ratke.jovani@example.com', '$2y$10$92IXUNpkjO0rOQ5byMi.Ye4oKoEa3Ro9llC/.og/at2.uheWG/igi', '09399594083', 'INACTIVE', 'DRIVER', '2022-01-05 02:40:52', '2022-01-05 02:40:52'),
(109, 'odit', 'quasi', 'Desmond Casper', 'esawayn@example.org', '$2y$10$92IXUNpkjO0rOQ5byMi.Ye4oKoEa3Ro9llC/.og/at2.uheWG/igi', '09448663398', 'ACTIVE', 'DRIVER', '2022-01-05 02:40:52', '2022-01-05 02:40:52'),
(110, 'rerum', 'mollitia', 'Jeffry Auer', 'ostiedemann@example.org', '$2y$10$92IXUNpkjO0rOQ5byMi.Ye4oKoEa3Ro9llC/.og/at2.uheWG/igi', '09620946607', 'INACTIVE', 'DRIVER', '2022-01-05 02:40:52', '2022-01-05 02:40:52'),
(111, 'ducimus', 'excepturi', 'Gino Lubowitz', 'luettgen.soledad@example.net', '$2y$10$92IXUNpkjO0rOQ5byMi.Ye4oKoEa3Ro9llC/.og/at2.uheWG/igi', '09122864649', 'ACTIVE', 'CUSTOMER', '2022-01-05 02:40:52', '2022-01-05 02:40:52'),
(112, 'qui', 'amet', 'Jaunita Moen', 'douglas.aniya@example.net', '$2y$10$92IXUNpkjO0rOQ5byMi.Ye4oKoEa3Ro9llC/.og/at2.uheWG/igi', '09862718229', 'ACTIVE', 'CUSTOMER', '2022-01-05 02:40:52', '2022-01-05 02:40:52'),
(113, 'assumenda', 'unde', 'Karolann Lehner', 'hessel.rodger@example.org', '$2y$10$92IXUNpkjO0rOQ5byMi.Ye4oKoEa3Ro9llC/.og/at2.uheWG/igi', '09719118482', 'ACTIVE', 'DRIVER', '2022-01-05 02:40:52', '2022-01-05 02:40:52'),
(114, 'rerum', 'rerum', 'Gregorio Simonis PhD', 'gulgowski.aniya@example.org', '$2y$10$92IXUNpkjO0rOQ5byMi.Ye4oKoEa3Ro9llC/.og/at2.uheWG/igi', '09402158854', 'INACTIVE', 'DRIVER', '2022-01-05 02:40:52', '2022-01-05 02:40:52'),
(115, 'pariatur', 'atque', 'Dr. Loraine Lubowitz', 'shanahan.dante@example.org', '$2y$10$92IXUNpkjO0rOQ5byMi.Ye4oKoEa3Ro9llC/.og/at2.uheWG/igi', '09461303465', 'INACTIVE', 'CUSTOMER', '2022-01-05 02:40:52', '2022-01-05 02:40:52'),
(116, 'eum', 'possimus', 'Lexi Abernathy', 'jewell42@example.net', '$2y$10$92IXUNpkjO0rOQ5byMi.Ye4oKoEa3Ro9llC/.og/at2.uheWG/igi', '09454750341', 'INACTIVE', 'ADMIN', '2022-01-05 02:40:52', '2022-01-05 02:40:52'),
(117, 'saepe', 'enim', 'Reagan Beahan', 'qhettinger@example.org', '$2y$10$92IXUNpkjO0rOQ5byMi.Ye4oKoEa3Ro9llC/.og/at2.uheWG/igi', '09438204294', 'INACTIVE', 'DRIVER', '2022-01-05 02:40:52', '2022-01-05 02:40:52'),
(118, 'placeat', 'earum', 'Pauline Gerlach', 'jayde.mertz@example.com', '$2y$10$92IXUNpkjO0rOQ5byMi.Ye4oKoEa3Ro9llC/.og/at2.uheWG/igi', '09489516408', 'ACTIVE', 'DRIVER', '2022-01-05 02:40:52', '2022-01-05 02:40:52'),
(119, 'minima', 'sint', 'Prof. Laurence Zboncak', 'cale.brown@example.net', '$2y$10$92IXUNpkjO0rOQ5byMi.Ye4oKoEa3Ro9llC/.og/at2.uheWG/igi', '09301864477', 'ACTIVE', 'DRIVER', '2022-01-05 02:40:52', '2022-01-05 02:40:52'),
(120, 'doloremque', 'quia', 'Gloria Hagenes MD', 'wisozk.lorenza@example.org', '$2y$10$92IXUNpkjO0rOQ5byMi.Ye4oKoEa3Ro9llC/.og/at2.uheWG/igi', '09098070798', 'ACTIVE', 'CUSTOMER', '2022-01-05 02:40:52', '2022-01-05 02:40:52'),
(121, 'sequi', 'accusantium', 'Connor Hermann', 'bruen.jasmin@example.com', '$2y$10$92IXUNpkjO0rOQ5byMi.Ye4oKoEa3Ro9llC/.og/at2.uheWG/igi', '09114575292', 'INACTIVE', 'CUSTOMER', '2022-01-05 02:40:52', '2022-01-05 02:40:52'),
(122, 'aut', 'beatae', 'Americo Padberg PhD', 'coleman29@example.net', '$2y$10$92IXUNpkjO0rOQ5byMi.Ye4oKoEa3Ro9llC/.og/at2.uheWG/igi', '09938136121', 'INACTIVE', 'ADMIN', '2022-01-05 02:40:52', '2022-01-05 02:40:52'),
(123, 'est', 'sequi', 'Moshe Hackett', 'cristal.schinner@example.com', '$2y$10$92IXUNpkjO0rOQ5byMi.Ye4oKoEa3Ro9llC/.og/at2.uheWG/igi', '09910038533', 'ACTIVE', 'DRIVER', '2022-01-05 02:40:52', '2022-01-05 02:40:52'),
(124, 'qui', 'esse', 'Mrs. Stacey Mraz DVM', 'kuphal.erwin@example.com', '$2y$10$92IXUNpkjO0rOQ5byMi.Ye4oKoEa3Ro9llC/.og/at2.uheWG/igi', '09853299767', 'INACTIVE', 'ADMIN', '2022-01-05 02:40:52', '2022-01-05 02:40:52'),
(125, 'illo', 'sed', 'Hobart Grimes', 'dietrich.tina@example.com', '$2y$10$92IXUNpkjO0rOQ5byMi.Ye4oKoEa3Ro9llC/.og/at2.uheWG/igi', '09898664944', 'ACTIVE', 'CUSTOMER', '2022-01-05 02:40:52', '2022-01-05 02:40:52'),
(126, 'consequatur', 'illum', 'Damon Simonis V', 'upton.dayton@example.com', '$2y$10$92IXUNpkjO0rOQ5byMi.Ye4oKoEa3Ro9llC/.og/at2.uheWG/igi', '09098905323', 'ACTIVE', 'DRIVER', '2022-01-05 02:40:52', '2022-01-05 02:40:52'),
(127, 'ut', 'et', 'Cristian Mueller', 'niko.konopelski@example.com', '$2y$10$92IXUNpkjO0rOQ5byMi.Ye4oKoEa3Ro9llC/.og/at2.uheWG/igi', '09240366216', 'ACTIVE', 'DRIVER', '2022-01-05 02:40:52', '2022-01-05 02:40:52'),
(128, 'voluptas', 'nemo', 'Prof. Art Rippin V', 'hickle.alivia@example.com', '$2y$10$92IXUNpkjO0rOQ5byMi.Ye4oKoEa3Ro9llC/.og/at2.uheWG/igi', '09196599865', 'ACTIVE', 'CUSTOMER', '2022-01-05 02:40:52', '2022-01-05 02:40:52'),
(129, 'sit', 'libero', 'Rosetta Orn', 'unique.jerde@example.net', '$2y$10$92IXUNpkjO0rOQ5byMi.Ye4oKoEa3Ro9llC/.og/at2.uheWG/igi', '09614646990', 'ACTIVE', 'ADMIN', '2022-01-05 02:40:52', '2022-01-05 02:40:52'),
(130, 'explicabo', 'autem', 'Eryn Simonis DDS', 'mmcclure@example.com', '$2y$10$92IXUNpkjO0rOQ5byMi.Ye4oKoEa3Ro9llC/.og/at2.uheWG/igi', '09850618061', 'ACTIVE', 'DRIVER', '2022-01-05 02:40:52', '2022-01-05 02:40:52'),
(131, 'error', 'architecto', 'Benny Price', 'ipredovic@example.com', '$2y$10$92IXUNpkjO0rOQ5byMi.Ye4oKoEa3Ro9llC/.og/at2.uheWG/igi', '09740937097', 'INACTIVE', 'ADMIN', '2022-01-05 02:40:52', '2022-01-05 02:40:52'),
(132, 'dicta', 'repudiandae', 'Corene Raynor', 'lavonne.konopelski@example.org', '$2y$10$92IXUNpkjO0rOQ5byMi.Ye4oKoEa3Ro9llC/.og/at2.uheWG/igi', '09632482017', 'ACTIVE', 'ADMIN', '2022-01-05 02:40:52', '2022-01-05 02:40:52'),
(133, 'et', 'libero', 'Maud Watsica', 'dlakin@example.net', '$2y$10$92IXUNpkjO0rOQ5byMi.Ye4oKoEa3Ro9llC/.og/at2.uheWG/igi', '09676488049', 'INACTIVE', 'ADMIN', '2022-01-05 02:40:52', '2022-01-05 02:40:52'),
(134, 'officia', 'nostrum', 'Neal Marks', 'jstracke@example.org', '$2y$10$92IXUNpkjO0rOQ5byMi.Ye4oKoEa3Ro9llC/.og/at2.uheWG/igi', '09085685993', 'ACTIVE', 'CUSTOMER', '2022-01-05 02:40:52', '2022-01-05 02:40:52'),
(135, 'perspiciatis', 'fuga', 'Miss Reyna Hamill', 'wdurgan@example.net', '$2y$10$92IXUNpkjO0rOQ5byMi.Ye4oKoEa3Ro9llC/.og/at2.uheWG/igi', '09537959090', 'INACTIVE', 'DRIVER', '2022-01-05 02:40:52', '2022-01-05 02:40:52'),
(136, 'in', 'id', 'Marvin Rodriguez', 'caitlyn05@example.com', '$2y$10$92IXUNpkjO0rOQ5byMi.Ye4oKoEa3Ro9llC/.og/at2.uheWG/igi', '09558442451', 'ACTIVE', 'DRIVER', '2022-01-05 02:40:52', '2022-01-05 02:40:52'),
(137, 'aliquid', 'doloremque', 'Gerard Langosh', 'wzemlak@example.org', '$2y$10$92IXUNpkjO0rOQ5byMi.Ye4oKoEa3Ro9llC/.og/at2.uheWG/igi', '09226091587', 'INACTIVE', 'CUSTOMER', '2022-01-05 02:40:52', '2022-01-05 02:40:52'),
(138, 'architecto', 'soluta', 'Rowena Schultz', 'fkoch@example.net', '$2y$10$92IXUNpkjO0rOQ5byMi.Ye4oKoEa3Ro9llC/.og/at2.uheWG/igi', '09580997414', 'INACTIVE', 'DRIVER', '2022-01-05 02:40:52', '2022-01-05 02:40:52'),
(139, 'nobis', 'facere', 'Sadye Simonis', 'zieme.lon@example.org', '$2y$10$92IXUNpkjO0rOQ5byMi.Ye4oKoEa3Ro9llC/.og/at2.uheWG/igi', '09493190450', 'INACTIVE', 'DRIVER', '2022-01-05 02:40:52', '2022-01-05 02:40:52'),
(140, 'vel', 'a', 'Lilly Wilkinson', 'tobin.langosh@example.net', '$2y$10$92IXUNpkjO0rOQ5byMi.Ye4oKoEa3Ro9llC/.og/at2.uheWG/igi', '09403958155', 'INACTIVE', 'ADMIN', '2022-01-05 02:40:52', '2022-01-05 02:40:52'),
(141, 'sed', 'repellat', 'Tatyana Simonis', 'vcummerata@example.com', '$2y$10$92IXUNpkjO0rOQ5byMi.Ye4oKoEa3Ro9llC/.og/at2.uheWG/igi', '09537929104', 'ACTIVE', 'DRIVER', '2022-01-05 02:40:52', '2022-01-05 02:40:52'),
(142, 'sint', 'laborum', 'Jeff Dach', 'hammes.adan@example.net', '$2y$10$92IXUNpkjO0rOQ5byMi.Ye4oKoEa3Ro9llC/.og/at2.uheWG/igi', '09662165813', 'ACTIVE', 'ADMIN', '2022-01-05 02:40:52', '2022-01-05 02:40:52'),
(143, 'culpa', 'nihil', 'Brady Quigley', 'berry.runte@example.org', '$2y$10$92IXUNpkjO0rOQ5byMi.Ye4oKoEa3Ro9llC/.og/at2.uheWG/igi', '09649660964', 'INACTIVE', 'CUSTOMER', '2022-01-05 02:40:52', '2022-01-05 02:40:52'),
(144, 'explicabo', 'nulla', 'Mrs. Stephanie Kuphal', 'vergie.zemlak@example.com', '$2y$10$92IXUNpkjO0rOQ5byMi.Ye4oKoEa3Ro9llC/.og/at2.uheWG/igi', '09476970083', 'ACTIVE', 'CUSTOMER', '2022-01-05 02:40:52', '2022-01-05 02:40:52'),
(145, 'voluptates', 'velit', 'Ms. Zelma Morissette MD', 'murl.wyman@example.org', '$2y$10$92IXUNpkjO0rOQ5byMi.Ye4oKoEa3Ro9llC/.og/at2.uheWG/igi', '09843668340', 'INACTIVE', 'CUSTOMER', '2022-01-05 02:40:52', '2022-01-05 02:40:52'),
(146, 'praesentium', 'quisquam', 'Destini Rohan', 'daugherty.allie@example.net', '$2y$10$92IXUNpkjO0rOQ5byMi.Ye4oKoEa3Ro9llC/.og/at2.uheWG/igi', '09312572464', 'INACTIVE', 'DRIVER', '2022-01-05 02:40:52', '2022-01-05 02:40:52'),
(147, 'fugiat', 'dolorem', 'Katlynn Nienow', 'ashleigh88@example.net', '$2y$10$92IXUNpkjO0rOQ5byMi.Ye4oKoEa3Ro9llC/.og/at2.uheWG/igi', '09123762337', 'INACTIVE', 'CUSTOMER', '2022-01-05 02:40:52', '2022-01-05 02:40:52'),
(148, 'numquam', 'odio', 'Jana Gorczany MD', 'kelly40@example.com', '$2y$10$92IXUNpkjO0rOQ5byMi.Ye4oKoEa3Ro9llC/.og/at2.uheWG/igi', '09192171899', 'ACTIVE', 'CUSTOMER', '2022-01-05 02:40:52', '2022-01-05 02:40:52'),
(149, 'mollitia', 'itaque', 'Vesta Murray', 'kaylin.rodriguez@example.net', '$2y$10$92IXUNpkjO0rOQ5byMi.Ye4oKoEa3Ro9llC/.og/at2.uheWG/igi', '09261123205', 'ACTIVE', 'CUSTOMER', '2022-01-05 02:40:52', '2022-01-05 02:40:52'),
(150, 'aspernatur', 'necessitatibus', 'Boyd Marvin', 'waters.jovany@example.org', '$2y$10$92IXUNpkjO0rOQ5byMi.Ye4oKoEa3Ro9llC/.og/at2.uheWG/igi', '09844479191', 'ACTIVE', 'ADMIN', '2022-01-05 02:40:52', '2022-01-05 02:40:52'),
(151, 'voluptas', 'facere', 'Elfrieda Farrell', 'gretchen.west@example.com', '$2y$10$92IXUNpkjO0rOQ5byMi.Ye4oKoEa3Ro9llC/.og/at2.uheWG/igi', '09245518658', 'ACTIVE', 'ADMIN', '2022-01-05 02:40:52', '2022-01-05 02:40:52'),
(152, 'tempora', 'rerum', 'Grayce O\'Connell', 'pink11@example.com', '$2y$10$92IXUNpkjO0rOQ5byMi.Ye4oKoEa3Ro9llC/.og/at2.uheWG/igi', '09823176411', 'INACTIVE', 'ADMIN', '2022-01-05 02:40:52', '2022-01-05 02:40:52'),
(153, 'id', 'molestiae', 'Ms. Giovanna O\'Hara', 'abernathy.krystel@example.net', '$2y$10$92IXUNpkjO0rOQ5byMi.Ye4oKoEa3Ro9llC/.og/at2.uheWG/igi', '09122887998', 'ACTIVE', 'CUSTOMER', '2022-01-05 02:40:52', '2022-01-05 02:40:52'),
(154, 'asperiores', 'qui', 'Harley Huels', 'eugenia.thiel@example.net', '$2y$10$92IXUNpkjO0rOQ5byMi.Ye4oKoEa3Ro9llC/.og/at2.uheWG/igi', '09104029177', 'INACTIVE', 'ADMIN', '2022-01-05 02:40:52', '2022-01-05 02:40:52'),
(155, 'laborum', 'et', 'Guiseppe Hettinger', 'alexandra96@example.com', '$2y$10$92IXUNpkjO0rOQ5byMi.Ye4oKoEa3Ro9llC/.og/at2.uheWG/igi', '09407098241', 'INACTIVE', 'ADMIN', '2022-01-05 02:40:52', '2022-01-05 02:40:52'),
(156, 'quasi', 'omnis', 'Geovany Pfannerstill', 'carroll.delfina@example.com', '$2y$10$92IXUNpkjO0rOQ5byMi.Ye4oKoEa3Ro9llC/.og/at2.uheWG/igi', '09266754859', 'ACTIVE', 'CUSTOMER', '2022-01-05 02:40:52', '2022-01-05 02:40:52'),
(157, 'et', 'quam', 'Edwina Zieme', 'qdach@example.net', '$2y$10$92IXUNpkjO0rOQ5byMi.Ye4oKoEa3Ro9llC/.og/at2.uheWG/igi', '09690328589', 'ACTIVE', 'CUSTOMER', '2022-01-05 02:40:52', '2022-01-05 02:40:52'),
(158, 'magni', 'laudantium', 'Carter Rolfson DVM', 'little.delpha@example.com', '$2y$10$92IXUNpkjO0rOQ5byMi.Ye4oKoEa3Ro9llC/.og/at2.uheWG/igi', '09527601952', 'INACTIVE', 'ADMIN', '2022-01-05 02:40:52', '2022-01-05 02:40:52'),
(159, 'dolorem', 'laborum', 'Valerie Schimmel', 'shayna.waters@example.net', '$2y$10$92IXUNpkjO0rOQ5byMi.Ye4oKoEa3Ro9llC/.og/at2.uheWG/igi', '09398198159', 'INACTIVE', 'ADMIN', '2022-01-05 02:40:52', '2022-01-05 02:40:52'),
(160, 'ut', 'voluptatem', 'Danny Corwin', 'fgreen@example.com', '$2y$10$92IXUNpkjO0rOQ5byMi.Ye4oKoEa3Ro9llC/.og/at2.uheWG/igi', '09135795924', 'ACTIVE', 'CUSTOMER', '2022-01-05 02:40:52', '2022-01-05 02:40:52'),
(161, 'consequatur', 'est', 'Beverly Thiel', 'qauer@example.org', '$2y$10$92IXUNpkjO0rOQ5byMi.Ye4oKoEa3Ro9llC/.og/at2.uheWG/igi', '09380010538', 'INACTIVE', 'ADMIN', '2022-01-05 02:40:52', '2022-01-05 02:40:52'),
(162, 'occaecati', 'voluptas', 'Gunnar Towne', 'shields.barney@example.net', '$2y$10$92IXUNpkjO0rOQ5byMi.Ye4oKoEa3Ro9llC/.og/at2.uheWG/igi', '09093627995', 'INACTIVE', 'CUSTOMER', '2022-01-05 02:40:52', '2022-01-05 02:40:52'),
(163, 'tenetur', 'ad', 'Ora Greenholt', 'ozella.moen@example.org', '$2y$10$92IXUNpkjO0rOQ5byMi.Ye4oKoEa3Ro9llC/.og/at2.uheWG/igi', '09164301952', 'INACTIVE', 'DRIVER', '2022-01-05 02:40:52', '2022-01-05 02:40:52'),
(164, 'sint', 'ut', 'Cameron Osinski', 'batz.reyna@example.net', '$2y$10$92IXUNpkjO0rOQ5byMi.Ye4oKoEa3Ro9llC/.og/at2.uheWG/igi', '09364631397', 'INACTIVE', 'CUSTOMER', '2022-01-05 02:40:52', '2022-01-05 02:40:52'),
(165, 'quod', 'in', 'Lucie Larson V', 'heloise.stoltenberg@example.org', '$2y$10$92IXUNpkjO0rOQ5byMi.Ye4oKoEa3Ro9llC/.og/at2.uheWG/igi', '09068636429', 'ACTIVE', 'ADMIN', '2022-01-05 02:40:52', '2022-01-05 02:40:52'),
(166, 'quidem', 'adipisci', 'Kellie Kshlerin', 'ostracke@example.net', '$2y$10$92IXUNpkjO0rOQ5byMi.Ye4oKoEa3Ro9llC/.og/at2.uheWG/igi', '09582531250', 'INACTIVE', 'DRIVER', '2022-01-05 02:40:52', '2022-01-05 02:40:52'),
(167, 'veritatis', 'non', 'Marquise Schowalter', 'yshields@example.org', '$2y$10$92IXUNpkjO0rOQ5byMi.Ye4oKoEa3Ro9llC/.og/at2.uheWG/igi', '09753799390', 'ACTIVE', 'DRIVER', '2022-01-05 02:40:52', '2022-01-05 02:40:52'),
(168, 'error', 'exercitationem', 'Mrs. Jada Johnston', 'moore.rashad@example.org', '$2y$10$92IXUNpkjO0rOQ5byMi.Ye4oKoEa3Ro9llC/.og/at2.uheWG/igi', '09474124763', 'INACTIVE', 'ADMIN', '2022-01-05 02:40:52', '2022-01-05 02:40:52'),
(169, 'ad', 'in', 'Ms. Litzy Leffler V', 'sienna21@example.net', '$2y$10$92IXUNpkjO0rOQ5byMi.Ye4oKoEa3Ro9llC/.og/at2.uheWG/igi', '09227023210', 'INACTIVE', 'DRIVER', '2022-01-05 02:40:52', '2022-01-05 02:40:52'),
(170, 'cum', 'consequatur', 'Celia Rogahn', 'boyer.elmira@example.com', '$2y$10$92IXUNpkjO0rOQ5byMi.Ye4oKoEa3Ro9llC/.og/at2.uheWG/igi', '09913297660', 'INACTIVE', 'ADMIN', '2022-01-05 02:40:52', '2022-01-05 02:40:52'),
(171, 'harum', 'quia', 'Dr. Antwon Cartwright PhD', 'ccasper@example.org', '$2y$10$92IXUNpkjO0rOQ5byMi.Ye4oKoEa3Ro9llC/.og/at2.uheWG/igi', '09763777760', 'ACTIVE', 'ADMIN', '2022-01-05 02:40:52', '2022-01-05 02:40:52'),
(172, 'quia', 'voluptas', 'Dr. Vicky Weissnat', 'zora87@example.com', '$2y$10$92IXUNpkjO0rOQ5byMi.Ye4oKoEa3Ro9llC/.og/at2.uheWG/igi', '09735324048', 'INACTIVE', 'ADMIN', '2022-01-05 02:40:52', '2022-01-05 02:40:52'),
(173, 'aut', 'et', 'Dr. Tyson Ernser Sr.', 'abigayle33@example.net', '$2y$10$92IXUNpkjO0rOQ5byMi.Ye4oKoEa3Ro9llC/.og/at2.uheWG/igi', '09918156418', 'ACTIVE', 'DRIVER', '2022-01-05 02:40:52', '2022-01-05 02:40:52'),
(174, 'velit', 'nulla', 'Bernadine Witting', 'idooley@example.net', '$2y$10$92IXUNpkjO0rOQ5byMi.Ye4oKoEa3Ro9llC/.og/at2.uheWG/igi', '09688869785', 'ACTIVE', 'DRIVER', '2022-01-05 02:40:52', '2022-01-05 02:40:52'),
(175, 'tenetur', 'consequatur', 'Adah Hintz Jr.', 'slubowitz@example.com', '$2y$10$92IXUNpkjO0rOQ5byMi.Ye4oKoEa3Ro9llC/.og/at2.uheWG/igi', '09436097050', 'INACTIVE', 'DRIVER', '2022-01-05 02:40:52', '2022-01-05 02:40:52'),
(176, 'quos', 'nihil', 'Elliott Beer', 'abednar@example.net', '$2y$10$92IXUNpkjO0rOQ5byMi.Ye4oKoEa3Ro9llC/.og/at2.uheWG/igi', '09401875249', 'ACTIVE', 'ADMIN', '2022-01-05 02:40:52', '2022-01-05 02:40:52'),
(177, 'quos', 'et', 'Issac Bogan', 'beier.bobbie@example.com', '$2y$10$92IXUNpkjO0rOQ5byMi.Ye4oKoEa3Ro9llC/.og/at2.uheWG/igi', '09310195003', 'ACTIVE', 'CUSTOMER', '2022-01-05 02:40:52', '2022-01-05 02:40:52'),
(178, 'quasi', 'numquam', 'Demetrius Lind', 'spinka.rosalyn@example.org', '$2y$10$92IXUNpkjO0rOQ5byMi.Ye4oKoEa3Ro9llC/.og/at2.uheWG/igi', '09416238885', 'ACTIVE', 'ADMIN', '2022-01-05 02:40:52', '2022-01-05 02:40:52'),
(179, 'et', 'quia', 'Tobin Monahan', 'erich99@example.com', '$2y$10$92IXUNpkjO0rOQ5byMi.Ye4oKoEa3Ro9llC/.og/at2.uheWG/igi', '09249792944', 'ACTIVE', 'ADMIN', '2022-01-05 02:40:52', '2022-01-05 02:40:52'),
(180, 'velit', 'facilis', 'Shany Skiles', 'dario.kutch@example.com', '$2y$10$92IXUNpkjO0rOQ5byMi.Ye4oKoEa3Ro9llC/.og/at2.uheWG/igi', '09577756273', 'INACTIVE', 'ADMIN', '2022-01-05 02:40:52', '2022-01-05 02:40:52'),
(181, 'necessitatibus', 'et', 'Johnson Nienow', 'fletcher.rice@example.org', '$2y$10$92IXUNpkjO0rOQ5byMi.Ye4oKoEa3Ro9llC/.og/at2.uheWG/igi', '09879984974', 'ACTIVE', 'CUSTOMER', '2022-01-05 02:40:52', '2022-01-05 02:40:52'),
(182, 'doloremque', 'omnis', 'Sally Bergstrom V', 'veum.esmeralda@example.com', '$2y$10$92IXUNpkjO0rOQ5byMi.Ye4oKoEa3Ro9llC/.og/at2.uheWG/igi', '09326362632', 'ACTIVE', 'ADMIN', '2022-01-05 02:40:52', '2022-01-05 02:40:52'),
(183, 'illum', 'qui', 'Janice Bode', 'xgusikowski@example.com', '$2y$10$92IXUNpkjO0rOQ5byMi.Ye4oKoEa3Ro9llC/.og/at2.uheWG/igi', '09649832720', 'INACTIVE', 'ADMIN', '2022-01-05 02:40:52', '2022-01-05 02:40:52'),
(184, 'ex', 'quis', 'Dr. Mac Luettgen II', 'kaleigh16@example.net', '$2y$10$92IXUNpkjO0rOQ5byMi.Ye4oKoEa3Ro9llC/.og/at2.uheWG/igi', '09790674824', 'ACTIVE', 'ADMIN', '2022-01-05 02:40:52', '2022-01-05 02:40:52'),
(185, 'culpa', 'esse', 'Prof. Camren Kemmer DDS', 'mauricio72@example.org', '$2y$10$92IXUNpkjO0rOQ5byMi.Ye4oKoEa3Ro9llC/.og/at2.uheWG/igi', '09676704961', 'ACTIVE', 'CUSTOMER', '2022-01-05 02:40:52', '2022-01-05 02:40:52'),
(186, 'sint', 'est', 'Carolanne Walsh', 'lind.lora@example.com', '$2y$10$92IXUNpkjO0rOQ5byMi.Ye4oKoEa3Ro9llC/.og/at2.uheWG/igi', '09872547853', 'ACTIVE', 'DRIVER', '2022-01-05 02:40:52', '2022-01-05 02:40:52'),
(187, 'veniam', 'dolores', 'Ova Kling', 'travon.spinka@example.net', '$2y$10$92IXUNpkjO0rOQ5byMi.Ye4oKoEa3Ro9llC/.og/at2.uheWG/igi', '09342812251', 'INACTIVE', 'DRIVER', '2022-01-05 02:40:52', '2022-01-05 02:40:52'),
(188, 'nihil', 'at', 'Theodora Wolff V', 'eziemann@example.com', '$2y$10$92IXUNpkjO0rOQ5byMi.Ye4oKoEa3Ro9llC/.og/at2.uheWG/igi', '09672006158', 'ACTIVE', 'ADMIN', '2022-01-05 02:40:52', '2022-01-05 02:40:52'),
(189, 'nostrum', 'neque', 'Mr. Carey Cartwright', 'kenny80@example.net', '$2y$10$92IXUNpkjO0rOQ5byMi.Ye4oKoEa3Ro9llC/.og/at2.uheWG/igi', '09340771868', 'INACTIVE', 'DRIVER', '2022-01-05 02:40:52', '2022-01-05 02:40:52'),
(190, 'asperiores', 'exercitationem', 'Larissa Nienow', 'hank.yost@example.org', '$2y$10$92IXUNpkjO0rOQ5byMi.Ye4oKoEa3Ro9llC/.og/at2.uheWG/igi', '09256842771', 'INACTIVE', 'CUSTOMER', '2022-01-05 02:40:52', '2022-01-05 02:40:52'),
(191, 'nemo', 'id', 'Abagail Fahey', 'mrogahn@example.com', '$2y$10$92IXUNpkjO0rOQ5byMi.Ye4oKoEa3Ro9llC/.og/at2.uheWG/igi', '09479874998', 'ACTIVE', 'CUSTOMER', '2022-01-05 02:40:52', '2022-01-05 02:40:52'),
(192, 'ipsum', 'doloremque', 'Hailey Nolan', 'kathryn38@example.net', '$2y$10$92IXUNpkjO0rOQ5byMi.Ye4oKoEa3Ro9llC/.og/at2.uheWG/igi', '09920347860', 'ACTIVE', 'CUSTOMER', '2022-01-05 02:40:52', '2022-01-05 02:40:52'),
(193, 'inventore', 'quia', 'Fausto Mertz', 'jocelyn80@example.net', '$2y$10$92IXUNpkjO0rOQ5byMi.Ye4oKoEa3Ro9llC/.og/at2.uheWG/igi', '09936704392', 'ACTIVE', 'ADMIN', '2022-01-05 02:40:52', '2022-01-05 02:40:52'),
(194, 'labore', 'dolore', 'Peter Zemlak', 'gennaro71@example.net', '$2y$10$92IXUNpkjO0rOQ5byMi.Ye4oKoEa3Ro9llC/.og/at2.uheWG/igi', '09778345854', 'ACTIVE', 'ADMIN', '2022-01-05 02:40:52', '2022-01-05 02:40:52'),
(195, 'placeat', 'nihil', 'Jovanny Langosh IV', 'fcummings@example.com', '$2y$10$92IXUNpkjO0rOQ5byMi.Ye4oKoEa3Ro9llC/.og/at2.uheWG/igi', '09823644443', 'INACTIVE', 'ADMIN', '2022-01-05 02:40:52', '2022-01-05 02:40:52'),
(196, 'dolorum', 'nihil', 'Telly Terry', 'vpfeffer@example.com', '$2y$10$92IXUNpkjO0rOQ5byMi.Ye4oKoEa3Ro9llC/.og/at2.uheWG/igi', '09709836948', 'ACTIVE', 'ADMIN', '2022-01-05 02:40:52', '2022-01-05 02:40:52'),
(197, 'ex', 'incidunt', 'Skyla Kuhic', 'hand.louisa@example.org', '$2y$10$92IXUNpkjO0rOQ5byMi.Ye4oKoEa3Ro9llC/.og/at2.uheWG/igi', '09913969944', 'INACTIVE', 'CUSTOMER', '2022-01-05 02:40:52', '2022-01-05 02:40:52'),
(198, 'eum', 'consequuntur', 'Emma Ullrich III', 'nhomenick@example.com', '$2y$10$92IXUNpkjO0rOQ5byMi.Ye4oKoEa3Ro9llC/.og/at2.uheWG/igi', '09134206880', 'ACTIVE', 'DRIVER', '2022-01-05 02:40:52', '2022-01-05 02:40:52'),
(199, 'provident', 'voluptatum', 'Prof. Cristopher Bashirian IV', 'kihn.betty@example.net', '$2y$10$92IXUNpkjO0rOQ5byMi.Ye4oKoEa3Ro9llC/.og/at2.uheWG/igi', '09942836956', 'INACTIVE', 'ADMIN', '2022-01-05 02:40:52', '2022-01-05 02:40:52'),
(200, 'nemo', 'laudantium', 'Kattie Grady', 'odicki@example.org', '$2y$10$92IXUNpkjO0rOQ5byMi.Ye4oKoEa3Ro9llC/.og/at2.uheWG/igi', '09209902883', 'INACTIVE', 'CUSTOMER', '2022-01-05 02:40:52', '2022-01-05 02:40:52'),
(201, 'nemo', 'reiciendis', 'Delilah Ruecker', 'sebastian.cummerata@example.net', '$2y$10$92IXUNpkjO0rOQ5byMi.Ye4oKoEa3Ro9llC/.og/at2.uheWG/igi', '09938372336', 'INACTIVE', 'ADMIN', '2022-01-05 02:40:52', '2022-01-05 02:40:52'),
(202, 'doloremque', 'at', 'Ms. Alta Larson MD', 'zemlak.florian@example.org', '$2y$10$92IXUNpkjO0rOQ5byMi.Ye4oKoEa3Ro9llC/.og/at2.uheWG/igi', '09306509569', 'ACTIVE', 'DRIVER', '2022-01-05 02:40:52', '2022-01-05 02:40:52'),
(203, 'aut', 'quibusdam', 'Emie Treutel', 'rosanna12@example.net', '$2y$10$92IXUNpkjO0rOQ5byMi.Ye4oKoEa3Ro9llC/.og/at2.uheWG/igi', '09884506637', 'ACTIVE', 'ADMIN', '2022-01-05 02:40:52', '2022-01-05 02:40:52'),
(204, 'et', 'aut', 'Everardo Langworth', 'legros.yazmin@example.net', '$2y$10$92IXUNpkjO0rOQ5byMi.Ye4oKoEa3Ro9llC/.og/at2.uheWG/igi', '09406122103', 'ACTIVE', 'ADMIN', '2022-01-05 02:40:52', '2022-01-05 02:40:52'),
(205, 'incidunt', 'sint', 'Lane Gusikowski', 'dubuque.neoma@example.org', '$2y$10$92IXUNpkjO0rOQ5byMi.Ye4oKoEa3Ro9llC/.og/at2.uheWG/igi', '09489937091', 'ACTIVE', 'ADMIN', '2022-01-05 02:40:52', '2022-01-05 02:40:52'),
(206, 'nesciunt', 'perferendis', 'Vesta Tromp', 'rodrick59@example.net', '$2y$10$92IXUNpkjO0rOQ5byMi.Ye4oKoEa3Ro9llC/.og/at2.uheWG/igi', '09561503924', 'INACTIVE', 'CUSTOMER', '2022-01-05 02:40:52', '2022-01-05 02:40:52'),
(207, 'nulla', 'tempora', 'Kaycee Jacobson', 'americo.buckridge@example.net', '$2y$10$92IXUNpkjO0rOQ5byMi.Ye4oKoEa3Ro9llC/.og/at2.uheWG/igi', '09896949938', 'INACTIVE', 'CUSTOMER', '2022-01-05 02:40:52', '2022-01-05 02:40:52'),
(208, 'dignissimos', 'aspernatur', 'Casimer Parisian', 'aliza96@example.com', '$2y$10$92IXUNpkjO0rOQ5byMi.Ye4oKoEa3Ro9llC/.og/at2.uheWG/igi', '09564512748', 'INACTIVE', 'CUSTOMER', '2022-01-05 02:40:52', '2022-01-05 02:40:52'),
(209, 'facere', 'autem', 'Damaris Wyman', 'blittle@example.com', '$2y$10$92IXUNpkjO0rOQ5byMi.Ye4oKoEa3Ro9llC/.og/at2.uheWG/igi', '09550066620', 'INACTIVE', 'CUSTOMER', '2022-01-05 02:40:52', '2022-01-05 02:40:52'),
(210, 'quia', 'deleniti', 'Dr. Rhett Prohaska III', 'huels.merl@example.org', '$2y$10$92IXUNpkjO0rOQ5byMi.Ye4oKoEa3Ro9llC/.og/at2.uheWG/igi', '09430315451', 'ACTIVE', 'DRIVER', '2022-01-05 02:40:52', '2022-01-05 02:40:52'),
(211, 'et', 'laboriosam', 'Jesus Orn', 'shanahan.chaya@example.net', '$2y$10$92IXUNpkjO0rOQ5byMi.Ye4oKoEa3Ro9llC/.og/at2.uheWG/igi', '09171562036', 'INACTIVE', 'CUSTOMER', '2022-01-05 02:40:52', '2022-01-05 02:40:52'),
(212, 'qui', 'ipsa', 'Dan Rosenbaum I', 'dubuque.matilde@example.com', '$2y$10$92IXUNpkjO0rOQ5byMi.Ye4oKoEa3Ro9llC/.og/at2.uheWG/igi', '09566007552', 'ACTIVE', 'ADMIN', '2022-01-05 02:40:52', '2022-01-05 02:40:52'),
(213, 'voluptas', 'vero', 'Kayli Wisoky', 'malcolm.bogan@example.org', '$2y$10$92IXUNpkjO0rOQ5byMi.Ye4oKoEa3Ro9llC/.og/at2.uheWG/igi', '09241976916', 'ACTIVE', 'CUSTOMER', '2022-01-05 02:40:52', '2022-01-05 02:40:52'),
(214, 'natus', 'labore', 'Andrew Mitchell', 'liam92@example.net', '$2y$10$92IXUNpkjO0rOQ5byMi.Ye4oKoEa3Ro9llC/.og/at2.uheWG/igi', '09549260764', 'INACTIVE', 'DRIVER', '2022-01-05 02:40:52', '2022-01-05 02:40:52'),
(215, 'iste', 'omnis', 'Marilie Pollich', 'bertrand.purdy@example.net', '$2y$10$92IXUNpkjO0rOQ5byMi.Ye4oKoEa3Ro9llC/.og/at2.uheWG/igi', '09490760539', 'ACTIVE', 'CUSTOMER', '2022-01-05 02:40:52', '2022-01-05 02:40:52'),
(216, 'iste', 'velit', 'Milford Hessel', 'williamson.devonte@example.net', '$2y$10$92IXUNpkjO0rOQ5byMi.Ye4oKoEa3Ro9llC/.og/at2.uheWG/igi', '09201992922', 'INACTIVE', 'DRIVER', '2022-01-05 02:40:52', '2022-01-05 02:40:52'),
(217, 'expedita', 'natus', 'Giles Koepp', 'qluettgen@example.org', '$2y$10$92IXUNpkjO0rOQ5byMi.Ye4oKoEa3Ro9llC/.og/at2.uheWG/igi', '09896194763', 'INACTIVE', 'DRIVER', '2022-01-05 02:40:52', '2022-01-05 02:40:52'),
(218, 'fugiat', 'saepe', 'Wellington Schinner', 'dexter.gutkowski@example.org', '$2y$10$92IXUNpkjO0rOQ5byMi.Ye4oKoEa3Ro9llC/.og/at2.uheWG/igi', '09147537540', 'INACTIVE', 'ADMIN', '2022-01-05 02:40:52', '2022-01-05 02:40:52'),
(219, 'delectus', 'repellendus', 'Ms. Marlene Dietrich Sr.', 'omer.gerlach@example.net', '$2y$10$92IXUNpkjO0rOQ5byMi.Ye4oKoEa3Ro9llC/.og/at2.uheWG/igi', '09630391231', 'ACTIVE', 'CUSTOMER', '2022-01-05 02:40:52', '2022-01-05 02:40:52'),
(220, 'magni', 'quos', 'Dr. Ladarius Frami', 'athena24@example.net', '$2y$10$92IXUNpkjO0rOQ5byMi.Ye4oKoEa3Ro9llC/.og/at2.uheWG/igi', '09916916282', 'ACTIVE', 'DRIVER', '2022-01-05 02:40:52', '2022-01-05 02:40:52'),
(221, 'non', 'voluptates', 'Prof. Clemens Lowe I', 'marlin.jacobs@example.org', '$2y$10$92IXUNpkjO0rOQ5byMi.Ye4oKoEa3Ro9llC/.og/at2.uheWG/igi', '09862303617', 'INACTIVE', 'CUSTOMER', '2022-01-05 02:40:52', '2022-01-05 02:40:52'),
(222, 'quia', 'iusto', 'Hester Sipes', 'amir.dibbert@example.net', '$2y$10$92IXUNpkjO0rOQ5byMi.Ye4oKoEa3Ro9llC/.og/at2.uheWG/igi', '09684593966', 'INACTIVE', 'DRIVER', '2022-01-05 02:40:52', '2022-01-05 02:40:52'),
(223, 'repudiandae', 'quo', 'Lowell Williamson', 'xgrant@example.org', '$2y$10$92IXUNpkjO0rOQ5byMi.Ye4oKoEa3Ro9llC/.og/at2.uheWG/igi', '09425342431', 'INACTIVE', 'ADMIN', '2022-01-05 02:40:52', '2022-01-05 02:40:52'),
(224, 'tenetur', 'omnis', 'Pansy Ferry', 'donald48@example.org', '$2y$10$92IXUNpkjO0rOQ5byMi.Ye4oKoEa3Ro9llC/.og/at2.uheWG/igi', '09355595502', 'INACTIVE', 'ADMIN', '2022-01-05 02:40:52', '2022-01-05 02:40:52'),
(225, 'voluptate', 'mollitia', 'Eli O\'Connell I', 'theresia22@example.com', '$2y$10$92IXUNpkjO0rOQ5byMi.Ye4oKoEa3Ro9llC/.og/at2.uheWG/igi', '09434381618', 'ACTIVE', 'ADMIN', '2022-01-05 02:40:52', '2022-01-05 02:40:52'),
(226, 'maxime', 'quasi', 'Domingo Sipes', 'koepp.itzel@example.net', '$2y$10$92IXUNpkjO0rOQ5byMi.Ye4oKoEa3Ro9llC/.og/at2.uheWG/igi', '09932989765', 'INACTIVE', 'ADMIN', '2022-01-05 02:40:52', '2022-01-05 02:40:52'),
(227, 'aut', 'assumenda', 'Prof. Wilburn Lang I', 'schamberger.audra@example.org', '$2y$10$92IXUNpkjO0rOQ5byMi.Ye4oKoEa3Ro9llC/.og/at2.uheWG/igi', '09178843368', 'INACTIVE', 'CUSTOMER', '2022-01-05 02:40:52', '2022-01-05 02:40:52'),
(228, 'nihil', 'et', 'Misael Morar', 'ueffertz@example.org', '$2y$10$92IXUNpkjO0rOQ5byMi.Ye4oKoEa3Ro9llC/.og/at2.uheWG/igi', '09693864129', 'ACTIVE', 'CUSTOMER', '2022-01-05 02:40:52', '2022-01-05 02:40:52'),
(229, 'aut', 'mollitia', 'Mr. Vito O\'Keefe Jr.', 'bednar.anderson@example.org', '$2y$10$92IXUNpkjO0rOQ5byMi.Ye4oKoEa3Ro9llC/.og/at2.uheWG/igi', '09096503749', 'ACTIVE', 'CUSTOMER', '2022-01-05 02:40:52', '2022-01-05 02:40:52'),
(230, 'reprehenderit', 'incidunt', 'Kaya Schaefer', 'tomasa.mante@example.org', '$2y$10$92IXUNpkjO0rOQ5byMi.Ye4oKoEa3Ro9llC/.og/at2.uheWG/igi', '09216369415', 'INACTIVE', 'DRIVER', '2022-01-05 02:40:52', '2022-01-05 02:40:52');
INSERT INTO `users` (`userID`, `Fname`, `Lname`, `username`, `email`, `password`, `contactNum`, `status`, `role`, `created_at`, `updated_at`) VALUES
(231, 'cum', 'quibusdam', 'Germaine Ledner Sr.', 'qmcclure@example.com', '$2y$10$92IXUNpkjO0rOQ5byMi.Ye4oKoEa3Ro9llC/.og/at2.uheWG/igi', '09793027006', 'INACTIVE', 'DRIVER', '2022-01-05 02:40:52', '2022-01-05 02:40:52'),
(232, 'ipsa', 'quidem', 'Julien Klein Jr.', 'caroline.hoppe@example.com', '$2y$10$92IXUNpkjO0rOQ5byMi.Ye4oKoEa3Ro9llC/.og/at2.uheWG/igi', '09523737162', 'ACTIVE', 'DRIVER', '2022-01-05 02:40:52', '2022-01-05 02:40:52'),
(233, 'et', 'quia', 'Adrian McDermott', 'funk.giovani@example.com', '$2y$10$92IXUNpkjO0rOQ5byMi.Ye4oKoEa3Ro9llC/.og/at2.uheWG/igi', '09549364356', 'INACTIVE', 'CUSTOMER', '2022-01-05 02:40:52', '2022-01-05 02:40:52'),
(234, 'voluptates', 'iure', 'Mr. Elijah Hilpert', 'funk.shane@example.net', '$2y$10$92IXUNpkjO0rOQ5byMi.Ye4oKoEa3Ro9llC/.og/at2.uheWG/igi', '09240909238', 'ACTIVE', 'ADMIN', '2022-01-05 02:40:52', '2022-01-05 02:40:52'),
(235, 'voluptatibus', 'sit', 'Miss Myra Wilkinson III', 'jerod.shanahan@example.com', '$2y$10$92IXUNpkjO0rOQ5byMi.Ye4oKoEa3Ro9llC/.og/at2.uheWG/igi', '09934117068', 'ACTIVE', 'ADMIN', '2022-01-05 02:40:52', '2022-01-05 02:40:52'),
(236, 'voluptas', 'labore', 'Adriana Boyer Sr.', 'braun.corine@example.com', '$2y$10$92IXUNpkjO0rOQ5byMi.Ye4oKoEa3Ro9llC/.og/at2.uheWG/igi', '09696648364', 'INACTIVE', 'DRIVER', '2022-01-05 02:40:52', '2022-01-05 02:40:52'),
(237, 'nihil', 'in', 'Alf Gerhold', 'xeffertz@example.com', '$2y$10$92IXUNpkjO0rOQ5byMi.Ye4oKoEa3Ro9llC/.og/at2.uheWG/igi', '09948022209', 'ACTIVE', 'CUSTOMER', '2022-01-05 02:40:52', '2022-01-05 02:40:52'),
(238, 'illum', 'laboriosam', 'Mohamed Torphy', 'conrad82@example.org', '$2y$10$92IXUNpkjO0rOQ5byMi.Ye4oKoEa3Ro9llC/.og/at2.uheWG/igi', '09469411095', 'INACTIVE', 'ADMIN', '2022-01-05 02:40:52', '2022-01-05 02:40:52'),
(239, 'nulla', 'laboriosam', 'Dr. Porter Hane', 'floyd.welch@example.net', '$2y$10$92IXUNpkjO0rOQ5byMi.Ye4oKoEa3Ro9llC/.og/at2.uheWG/igi', '09318036947', 'ACTIVE', 'CUSTOMER', '2022-01-05 02:40:52', '2022-01-05 02:40:52'),
(240, 'eos', 'commodi', 'Tristian Cremin', 'francesca62@example.net', '$2y$10$92IXUNpkjO0rOQ5byMi.Ye4oKoEa3Ro9llC/.og/at2.uheWG/igi', '09586040705', 'INACTIVE', 'CUSTOMER', '2022-01-05 02:40:52', '2022-01-05 02:40:52'),
(241, 'consequatur', 'iste', 'Kailey Wuckert', 'mcglynn.shania@example.org', '$2y$10$92IXUNpkjO0rOQ5byMi.Ye4oKoEa3Ro9llC/.og/at2.uheWG/igi', '09132817842', 'ACTIVE', 'ADMIN', '2022-01-05 02:40:52', '2022-01-05 02:40:52'),
(242, 'temporibus', 'suscipit', 'Alycia Hagenes', 'fsmith@example.com', '$2y$10$92IXUNpkjO0rOQ5byMi.Ye4oKoEa3Ro9llC/.og/at2.uheWG/igi', '09886653660', 'ACTIVE', 'ADMIN', '2022-01-05 02:40:52', '2022-01-05 02:40:52'),
(243, 'fugit', 'voluptatem', 'Ms. Tomasa Murray IV', 'hackett.freeda@example.net', '$2y$10$92IXUNpkjO0rOQ5byMi.Ye4oKoEa3Ro9llC/.og/at2.uheWG/igi', '09180029852', 'INACTIVE', 'ADMIN', '2022-01-05 02:40:52', '2022-01-05 02:40:52'),
(244, 'ratione', 'eveniet', 'Darby Mertz', 'bauch.mozelle@example.org', '$2y$10$92IXUNpkjO0rOQ5byMi.Ye4oKoEa3Ro9llC/.og/at2.uheWG/igi', '09731754468', 'ACTIVE', 'CUSTOMER', '2022-01-05 02:40:52', '2022-01-05 02:40:52'),
(245, 'molestias', 'quasi', 'Mr. Moshe Connelly', 'justine.schmeler@example.org', '$2y$10$92IXUNpkjO0rOQ5byMi.Ye4oKoEa3Ro9llC/.og/at2.uheWG/igi', '09255023230', 'ACTIVE', 'DRIVER', '2022-01-05 02:40:52', '2022-01-05 02:40:52'),
(246, 'nihil', 'hic', 'Granville Abbott', 'bebert@example.com', '$2y$10$92IXUNpkjO0rOQ5byMi.Ye4oKoEa3Ro9llC/.og/at2.uheWG/igi', '09321650735', 'ACTIVE', 'ADMIN', '2022-01-05 02:40:52', '2022-01-05 02:40:52'),
(247, 'cumque', 'soluta', 'Prof. Malcolm Strosin Sr.', 'lcormier@example.net', '$2y$10$92IXUNpkjO0rOQ5byMi.Ye4oKoEa3Ro9llC/.og/at2.uheWG/igi', '09856378961', 'INACTIVE', 'DRIVER', '2022-01-05 02:40:52', '2022-01-05 02:40:52'),
(248, 'aperiam', 'corporis', 'Prof. Pierre Auer', 'pkilback@example.org', '$2y$10$92IXUNpkjO0rOQ5byMi.Ye4oKoEa3Ro9llC/.og/at2.uheWG/igi', '09095147436', 'INACTIVE', 'DRIVER', '2022-01-05 02:40:52', '2022-01-05 02:40:52'),
(249, 'nostrum', 'repellat', 'Holly Mertz', 'kassulke.vito@example.net', '$2y$10$92IXUNpkjO0rOQ5byMi.Ye4oKoEa3Ro9llC/.og/at2.uheWG/igi', '09575162945', 'INACTIVE', 'CUSTOMER', '2022-01-05 02:40:52', '2022-01-05 02:40:52'),
(250, 'magni', 'exercitationem', 'Joesph Hessel', 'vito.moore@example.com', '$2y$10$92IXUNpkjO0rOQ5byMi.Ye4oKoEa3Ro9llC/.og/at2.uheWG/igi', '09900325598', 'INACTIVE', 'ADMIN', '2022-01-05 02:40:52', '2022-01-05 02:40:52'),
(251, 'nobis', 'optio', 'Nakia Hettinger', 'jrunte@example.com', '$2y$10$92IXUNpkjO0rOQ5byMi.Ye4oKoEa3Ro9llC/.og/at2.uheWG/igi', '09211485079', 'ACTIVE', 'DRIVER', '2022-01-05 02:40:52', '2022-01-05 02:40:52'),
(252, 'aut', 'ut', 'Leone Funk', 'botsford.watson@example.com', '$2y$10$92IXUNpkjO0rOQ5byMi.Ye4oKoEa3Ro9llC/.og/at2.uheWG/igi', '09562090934', 'INACTIVE', 'CUSTOMER', '2022-01-05 02:40:52', '2022-01-05 02:40:52'),
(253, 'dolorem', 'quia', 'Felton Fritsch I', 'kuhic.trevor@example.com', '$2y$10$92IXUNpkjO0rOQ5byMi.Ye4oKoEa3Ro9llC/.og/at2.uheWG/igi', '09743555979', 'INACTIVE', 'ADMIN', '2022-01-05 02:40:52', '2022-01-05 02:40:52'),
(254, 'dolore', 'dicta', 'Beryl Botsford DDS', 'wuckert.anabelle@example.org', '$2y$10$92IXUNpkjO0rOQ5byMi.Ye4oKoEa3Ro9llC/.og/at2.uheWG/igi', '09297236784', 'INACTIVE', 'DRIVER', '2022-01-05 02:40:52', '2022-01-05 02:40:52'),
(255, 'natus', 'ad', 'Alfreda Daniel', 'kailyn.rowe@example.com', '$2y$10$92IXUNpkjO0rOQ5byMi.Ye4oKoEa3Ro9llC/.og/at2.uheWG/igi', '09424099098', 'INACTIVE', 'CUSTOMER', '2022-01-05 02:40:52', '2022-01-05 02:40:52'),
(256, 'occaecati', 'aut', 'Kelli Koepp DDS', 'kamren.kertzmann@example.com', '$2y$10$92IXUNpkjO0rOQ5byMi.Ye4oKoEa3Ro9llC/.og/at2.uheWG/igi', '09945459916', 'ACTIVE', 'CUSTOMER', '2022-01-05 02:40:52', '2022-01-05 02:40:52'),
(257, 'sint', 'laboriosam', 'Ashleigh Kuhn IV', 'lysanne.parker@example.org', '$2y$10$92IXUNpkjO0rOQ5byMi.Ye4oKoEa3Ro9llC/.og/at2.uheWG/igi', '09279397034', 'INACTIVE', 'CUSTOMER', '2022-01-05 02:40:52', '2022-01-05 02:40:52'),
(258, 'blanditiis', 'ab', 'Prof. Daron Hickle', 'robel.leone@example.net', '$2y$10$92IXUNpkjO0rOQ5byMi.Ye4oKoEa3Ro9llC/.og/at2.uheWG/igi', '09867797200', 'ACTIVE', 'CUSTOMER', '2022-01-05 02:40:52', '2022-01-05 02:40:52'),
(259, 'aut', 'enim', 'Eladio Ortiz', 'newell.kris@example.com', '$2y$10$92IXUNpkjO0rOQ5byMi.Ye4oKoEa3Ro9llC/.og/at2.uheWG/igi', '09388269027', 'INACTIVE', 'DRIVER', '2022-01-05 02:40:52', '2022-01-05 02:40:52'),
(260, 'hic', 'est', 'Federico Boehm', 'aidan15@example.com', '$2y$10$92IXUNpkjO0rOQ5byMi.Ye4oKoEa3Ro9llC/.og/at2.uheWG/igi', '09537003672', 'ACTIVE', 'ADMIN', '2022-01-05 02:40:52', '2022-01-05 02:40:52'),
(261, 'veniam', 'vel', 'Adolph Zemlak', 'grady.kenton@example.org', '$2y$10$92IXUNpkjO0rOQ5byMi.Ye4oKoEa3Ro9llC/.og/at2.uheWG/igi', '09547233053', 'ACTIVE', 'DRIVER', '2022-01-05 02:40:52', '2022-01-05 02:40:52'),
(262, 'et', 'voluptatem', 'Al Thiel', 'maxine.hayes@example.org', '$2y$10$92IXUNpkjO0rOQ5byMi.Ye4oKoEa3Ro9llC/.og/at2.uheWG/igi', '09311955337', 'ACTIVE', 'ADMIN', '2022-01-05 02:40:52', '2022-01-05 02:40:52'),
(263, 'inventore', 'autem', 'Ms. Kavon Schaefer', 'abshire.brice@example.net', '$2y$10$92IXUNpkjO0rOQ5byMi.Ye4oKoEa3Ro9llC/.og/at2.uheWG/igi', '09314804342', 'INACTIVE', 'DRIVER', '2022-01-05 02:40:52', '2022-01-05 02:40:52'),
(264, 'iusto', 'qui', 'Christopher Trantow', 'mosciski.rowland@example.com', '$2y$10$92IXUNpkjO0rOQ5byMi.Ye4oKoEa3Ro9llC/.og/at2.uheWG/igi', '09332373302', 'ACTIVE', 'ADMIN', '2022-01-05 02:40:52', '2022-01-05 02:40:52'),
(265, 'repudiandae', 'sequi', 'Milo Kris', 'edyth40@example.com', '$2y$10$92IXUNpkjO0rOQ5byMi.Ye4oKoEa3Ro9llC/.og/at2.uheWG/igi', '09664964476', 'ACTIVE', 'CUSTOMER', '2022-01-05 02:40:52', '2022-01-05 02:40:52'),
(266, 'aut', 'nobis', 'Miss Adeline Fay III', 'labadie.kristina@example.net', '$2y$10$92IXUNpkjO0rOQ5byMi.Ye4oKoEa3Ro9llC/.og/at2.uheWG/igi', '09354745220', 'INACTIVE', 'DRIVER', '2022-01-05 02:40:52', '2022-01-05 02:40:52'),
(267, 'veritatis', 'nam', 'Lysanne Corkery PhD', 'dudley97@example.org', '$2y$10$92IXUNpkjO0rOQ5byMi.Ye4oKoEa3Ro9llC/.og/at2.uheWG/igi', '09203872238', 'ACTIVE', 'CUSTOMER', '2022-01-05 02:40:52', '2022-01-05 02:40:52'),
(268, 'consequatur', 'nemo', 'Ocie Bednar', 'jovan85@example.net', '$2y$10$92IXUNpkjO0rOQ5byMi.Ye4oKoEa3Ro9llC/.og/at2.uheWG/igi', '09388656090', 'INACTIVE', 'ADMIN', '2022-01-05 02:40:52', '2022-01-05 02:40:52'),
(269, 'quae', 'ad', 'Macey Walter', 'sweissnat@example.org', '$2y$10$92IXUNpkjO0rOQ5byMi.Ye4oKoEa3Ro9llC/.og/at2.uheWG/igi', '09946281661', 'ACTIVE', 'DRIVER', '2022-01-05 02:40:52', '2022-01-05 02:40:52'),
(270, 'numquam', 'est', 'Reid Howell', 'kub.chaim@example.org', '$2y$10$92IXUNpkjO0rOQ5byMi.Ye4oKoEa3Ro9llC/.og/at2.uheWG/igi', '09629129957', 'INACTIVE', 'CUSTOMER', '2022-01-05 02:40:52', '2022-01-05 02:40:52'),
(271, 'laboriosam', 'explicabo', 'Ms. Retta Nikolaus I', 'clemmie80@example.org', '$2y$10$92IXUNpkjO0rOQ5byMi.Ye4oKoEa3Ro9llC/.og/at2.uheWG/igi', '09623798017', 'INACTIVE', 'CUSTOMER', '2022-01-05 02:40:52', '2022-01-05 02:40:52'),
(272, 'quo', 'beatae', 'Prof. Everett Swaniawski PhD', 'uhessel@example.net', '$2y$10$92IXUNpkjO0rOQ5byMi.Ye4oKoEa3Ro9llC/.og/at2.uheWG/igi', '09798552776', 'INACTIVE', 'ADMIN', '2022-01-05 02:40:52', '2022-01-05 02:40:52'),
(273, 'at', 'et', 'Mrs. Elda Padberg', 'zachariah.mcdermott@example.net', '$2y$10$92IXUNpkjO0rOQ5byMi.Ye4oKoEa3Ro9llC/.og/at2.uheWG/igi', '09562181998', 'ACTIVE', 'DRIVER', '2022-01-05 02:40:52', '2022-01-05 02:40:52'),
(274, 'dolore', 'natus', 'Summer Weimann', 'ikirlin@example.com', '$2y$10$92IXUNpkjO0rOQ5byMi.Ye4oKoEa3Ro9llC/.og/at2.uheWG/igi', '09915953966', 'INACTIVE', 'ADMIN', '2022-01-05 02:40:52', '2022-01-05 02:40:52'),
(275, 'veritatis', 'est', 'Dr. Edison Funk', 'conroy.carmella@example.com', '$2y$10$92IXUNpkjO0rOQ5byMi.Ye4oKoEa3Ro9llC/.og/at2.uheWG/igi', '09405126502', 'ACTIVE', 'CUSTOMER', '2022-01-05 02:40:52', '2022-01-05 02:40:52'),
(276, 'magnam', 'molestias', 'Ben Bernier', 'xyundt@example.net', '$2y$10$92IXUNpkjO0rOQ5byMi.Ye4oKoEa3Ro9llC/.og/at2.uheWG/igi', '09695494254', 'ACTIVE', 'DRIVER', '2022-01-05 02:40:52', '2022-01-05 02:40:52'),
(277, 'cum', 'voluptas', 'Dr. Jett McGlynn DVM', 'hayden.pfannerstill@example.net', '$2y$10$92IXUNpkjO0rOQ5byMi.Ye4oKoEa3Ro9llC/.og/at2.uheWG/igi', '09326830240', 'ACTIVE', 'DRIVER', '2022-01-05 02:40:52', '2022-01-05 02:40:52'),
(278, 'dolore', 'debitis', 'Sheldon Reichert', 'stacey14@example.com', '$2y$10$92IXUNpkjO0rOQ5byMi.Ye4oKoEa3Ro9llC/.og/at2.uheWG/igi', '09667896612', 'ACTIVE', 'DRIVER', '2022-01-05 02:40:52', '2022-01-05 02:40:52'),
(279, 'facere', 'amet', 'Dorcas Raynor', 'dicki.abbigail@example.com', '$2y$10$92IXUNpkjO0rOQ5byMi.Ye4oKoEa3Ro9llC/.og/at2.uheWG/igi', '09684157726', 'INACTIVE', 'ADMIN', '2022-01-05 02:40:52', '2022-01-05 02:40:52'),
(280, 'in', 'optio', 'Mohamed Moore MD', 'delphia.bauch@example.com', '$2y$10$92IXUNpkjO0rOQ5byMi.Ye4oKoEa3Ro9llC/.og/at2.uheWG/igi', '09350881398', 'ACTIVE', 'ADMIN', '2022-01-05 02:40:52', '2022-01-05 02:40:52'),
(281, 'est', 'perspiciatis', 'Mr. Kris Lesch PhD', 'monserrate.wiegand@example.com', '$2y$10$92IXUNpkjO0rOQ5byMi.Ye4oKoEa3Ro9llC/.og/at2.uheWG/igi', '09904739467', 'INACTIVE', 'DRIVER', '2022-01-05 02:40:52', '2022-01-05 02:40:52'),
(282, 'atque', 'voluptates', 'Vada Hudson DDS', 'dane.schaden@example.org', '$2y$10$92IXUNpkjO0rOQ5byMi.Ye4oKoEa3Ro9llC/.og/at2.uheWG/igi', '09351277735', 'ACTIVE', 'DRIVER', '2022-01-05 02:40:52', '2022-01-05 02:40:52'),
(283, 'ut', 'et', 'Alayna Nitzsche', 'morar.brisa@example.net', '$2y$10$92IXUNpkjO0rOQ5byMi.Ye4oKoEa3Ro9llC/.og/at2.uheWG/igi', '09746341271', 'ACTIVE', 'ADMIN', '2022-01-05 02:40:52', '2022-01-05 02:40:52'),
(284, 'eos', 'aliquid', 'Mr. Stanton Stiedemann', 'cassie.hessel@example.com', '$2y$10$92IXUNpkjO0rOQ5byMi.Ye4oKoEa3Ro9llC/.og/at2.uheWG/igi', '09360026598', 'ACTIVE', 'CUSTOMER', '2022-01-05 02:40:52', '2022-01-05 02:40:52'),
(285, 'deserunt', 'et', 'Leta Wyman', 'barton.elton@example.com', '$2y$10$92IXUNpkjO0rOQ5byMi.Ye4oKoEa3Ro9llC/.og/at2.uheWG/igi', '09648851087', 'INACTIVE', 'CUSTOMER', '2022-01-05 02:40:52', '2022-01-05 02:40:52'),
(286, 'voluptatibus', 'explicabo', 'Madelyn Brekke', 'ebony78@example.com', '$2y$10$92IXUNpkjO0rOQ5byMi.Ye4oKoEa3Ro9llC/.og/at2.uheWG/igi', '09737466635', 'INACTIVE', 'CUSTOMER', '2022-01-05 02:40:52', '2022-01-05 02:40:52'),
(287, 'quasi', 'consequatur', 'Thea Quigley', 'oda68@example.net', '$2y$10$92IXUNpkjO0rOQ5byMi.Ye4oKoEa3Ro9llC/.og/at2.uheWG/igi', '09813728921', 'ACTIVE', 'ADMIN', '2022-01-05 02:40:52', '2022-01-05 02:40:52'),
(288, 'temporibus', 'deserunt', 'Adell Schroeder', 'bosco.gus@example.org', '$2y$10$92IXUNpkjO0rOQ5byMi.Ye4oKoEa3Ro9llC/.og/at2.uheWG/igi', '09206315282', 'INACTIVE', 'CUSTOMER', '2022-01-05 02:40:52', '2022-01-05 02:40:52'),
(289, 'eum', 'beatae', 'Manley Kerluke Jr.', 'ncasper@example.net', '$2y$10$92IXUNpkjO0rOQ5byMi.Ye4oKoEa3Ro9llC/.og/at2.uheWG/igi', '09242053454', 'ACTIVE', 'DRIVER', '2022-01-05 02:40:52', '2022-01-05 02:40:52'),
(290, 'voluptate', 'atque', 'Omari Hermann', 'rgreenfelder@example.com', '$2y$10$92IXUNpkjO0rOQ5byMi.Ye4oKoEa3Ro9llC/.og/at2.uheWG/igi', '09569186347', 'ACTIVE', 'CUSTOMER', '2022-01-05 02:40:52', '2022-01-05 02:40:52'),
(291, 'vero', 'quam', 'Waino Auer', 'rubie26@example.com', '$2y$10$92IXUNpkjO0rOQ5byMi.Ye4oKoEa3Ro9llC/.og/at2.uheWG/igi', '09429288255', 'ACTIVE', 'CUSTOMER', '2022-01-05 02:40:52', '2022-01-05 02:40:52'),
(292, 'ducimus', 'harum', 'Carolanne Fadel', 'sofia47@example.org', '$2y$10$92IXUNpkjO0rOQ5byMi.Ye4oKoEa3Ro9llC/.og/at2.uheWG/igi', '09422029437', 'INACTIVE', 'CUSTOMER', '2022-01-05 02:40:52', '2022-01-05 02:40:52'),
(293, 'dolor', 'ut', 'Dr. Alena Moore', 'malika.emmerich@example.com', '$2y$10$92IXUNpkjO0rOQ5byMi.Ye4oKoEa3Ro9llC/.og/at2.uheWG/igi', '09441634310', 'ACTIVE', 'ADMIN', '2022-01-05 02:40:52', '2022-01-05 02:40:52'),
(294, 'cumque', 'voluptas', 'Winfield Hessel', 'breanna.oconner@example.org', '$2y$10$92IXUNpkjO0rOQ5byMi.Ye4oKoEa3Ro9llC/.og/at2.uheWG/igi', '09882106923', 'ACTIVE', 'CUSTOMER', '2022-01-05 02:40:52', '2022-01-05 02:40:52'),
(295, 'rerum', 'nisi', 'Burnice Haag', 'vella19@example.com', '$2y$10$92IXUNpkjO0rOQ5byMi.Ye4oKoEa3Ro9llC/.og/at2.uheWG/igi', '09701791478', 'ACTIVE', 'CUSTOMER', '2022-01-05 02:40:52', '2022-01-05 02:40:52'),
(296, 'quia', 'adipisci', 'Irving Sanford', 'benny.schroeder@example.org', '$2y$10$92IXUNpkjO0rOQ5byMi.Ye4oKoEa3Ro9llC/.og/at2.uheWG/igi', '09084543491', 'ACTIVE', 'CUSTOMER', '2022-01-05 02:40:52', '2022-01-05 02:40:52'),
(297, 'aliquid', 'occaecati', 'Prof. Richard Kunde', 'theodore05@example.com', '$2y$10$92IXUNpkjO0rOQ5byMi.Ye4oKoEa3Ro9llC/.og/at2.uheWG/igi', '09310706372', 'ACTIVE', 'CUSTOMER', '2022-01-05 02:40:52', '2022-01-05 02:40:52'),
(298, 'perferendis', 'explicabo', 'Mr. Herbert Block DDS', 'shad.mayert@example.com', '$2y$10$92IXUNpkjO0rOQ5byMi.Ye4oKoEa3Ro9llC/.og/at2.uheWG/igi', '09869629959', 'INACTIVE', 'DRIVER', '2022-01-05 02:40:52', '2022-01-05 02:40:52'),
(299, 'quasi', 'aut', 'Edwina Fritsch', 'rolfson.javon@example.net', '$2y$10$92IXUNpkjO0rOQ5byMi.Ye4oKoEa3Ro9llC/.og/at2.uheWG/igi', '09377383327', 'ACTIVE', 'CUSTOMER', '2022-01-05 02:40:52', '2022-01-05 02:40:52'),
(300, 'adipisci', 'fugit', 'Dr. Juliet Nolan', 'bogisich.marcelino@example.net', '$2y$10$92IXUNpkjO0rOQ5byMi.Ye4oKoEa3Ro9llC/.og/at2.uheWG/igi', '09109269663', 'ACTIVE', 'CUSTOMER', '2022-01-05 02:40:52', '2022-01-05 02:40:52');

-- --------------------------------------------------------

--
-- Table structure for table `vhire`
--

CREATE TABLE `vhire` (
  `vehicleID` int(10) UNSIGNED NOT NULL,
  `driverID` int(10) UNSIGNED NOT NULL,
  `PlateNum` varchar(255) COLLATE utf8mb4_unicode_ci NOT NULL,
  `Brand` varchar(255) COLLATE utf8mb4_unicode_ci NOT NULL,
  `Model` varchar(255) COLLATE utf8mb4_unicode_ci NOT NULL,
  `Color` varchar(255) COLLATE utf8mb4_unicode_ci NOT NULL,
  `Capacity` int(11) NOT NULL DEFAULT 16,
  `Status` enum('ACTIVE','INACTIVE') COLLATE utf8mb4_unicode_ci NOT NULL DEFAULT 'ACTIVE',
  `created_at` timestamp NULL DEFAULT NULL,
  `updated_at` timestamp NULL DEFAULT NULL
) ENGINE=InnoDB DEFAULT CHARSET=utf8mb4 COLLATE=utf8mb4_unicode_ci;

--
-- Dumping data for table `vhire`
--

INSERT INTO `vhire` (`vehicleID`, `driverID`, `PlateNum`, `Brand`, `Model`, `Color`, `Capacity`, `Status`, `created_at`, `updated_at`) VALUES
(1, 97, 'ABC1234', 'Omnis eum.', 'Nihil.', 'Accusamus.', 16, 'ACTIVE', '2022-01-05 02:40:53', '2022-01-05 02:40:53'),
(2, 194, 'ABC1234', 'Explicabo.', 'Ipsa.', 'Non.', 16, 'ACTIVE', '2022-01-05 02:40:53', '2022-01-05 02:40:53'),
(3, 77, 'ABC1234', 'Modi.', 'Est nihil.', 'Aliquid.', 16, 'ACTIVE', '2022-01-05 02:40:53', '2022-01-05 02:40:53'),
(4, 87, 'ABC1234', 'Et eaque.', 'Rem odit.', 'Facere et.', 16, 'INACTIVE', '2022-01-05 02:40:53', '2022-01-05 02:40:53'),
(5, 109, 'ABC1234', 'Aut ut.', 'Ab.', 'Impedit.', 16, 'INACTIVE', '2022-01-05 02:40:53', '2022-01-05 02:40:53'),
(6, 62, 'ABC1234', 'In.', 'Numquam.', 'Nostrum.', 16, 'INACTIVE', '2022-01-05 02:40:53', '2022-01-05 02:40:53'),
(7, 180, 'ABC1234', 'Vel.', 'Ea est.', 'In vel.', 16, 'ACTIVE', '2022-01-05 02:40:53', '2022-01-05 02:40:53'),
(8, 193, 'ABC1234', 'Eius.', 'Sint sed.', 'Explicabo.', 16, 'INACTIVE', '2022-01-05 02:40:53', '2022-01-05 02:40:53'),
(9, 137, 'ABC1234', 'Provident.', 'Eos quis.', 'Fugit.', 16, 'INACTIVE', '2022-01-05 02:40:53', '2022-01-05 02:40:53'),
(10, 125, 'ABC1234', 'Nemo.', 'Corporis.', 'Molestiae.', 16, 'ACTIVE', '2022-01-05 02:40:53', '2022-01-05 02:40:53'),
(11, 141, 'ABC1234', 'Unde.', 'Nisi ut.', 'Totam.', 16, 'INACTIVE', '2022-01-05 02:40:53', '2022-01-05 02:40:53'),
(12, 121, 'ABC1234', 'Rem.', 'Impedit.', 'Quod quia.', 16, 'ACTIVE', '2022-01-05 02:40:53', '2022-01-05 02:40:53'),
(13, 133, 'ABC1234', 'Iste quia.', 'Enim.', 'Quae.', 16, 'INACTIVE', '2022-01-05 02:40:53', '2022-01-05 02:40:53'),
(14, 71, 'ABC1234', 'Magni.', 'Autem.', 'Pariatur.', 16, 'ACTIVE', '2022-01-05 02:40:53', '2022-01-05 02:40:53'),
(15, 110, 'ABC1234', 'Dolore.', 'Omnis a.', 'Animi.', 16, 'ACTIVE', '2022-01-05 02:40:53', '2022-01-05 02:40:53'),
(16, 152, 'ABC1234', 'Dolor qui.', 'Qui error.', 'Possimus.', 16, 'ACTIVE', '2022-01-05 02:40:53', '2022-01-05 02:40:53'),
(17, 58, 'ABC1234', 'Officiis.', 'Omnis quo.', 'Nesciunt.', 16, 'INACTIVE', '2022-01-05 02:40:53', '2022-01-05 02:40:53'),
(18, 4, 'ABC1234', 'Sint.', 'Illum eos.', 'Aut.', 16, 'ACTIVE', '2022-01-05 02:40:53', '2022-01-05 02:40:53'),
(19, 133, 'ABC1234', 'Est.', 'Sed sit.', 'Nostrum.', 16, 'ACTIVE', '2022-01-05 02:40:53', '2022-01-05 02:40:53'),
(20, 195, 'ABC1234', 'Nisi.', 'Corrupti.', 'Itaque et.', 16, 'INACTIVE', '2022-01-05 02:40:53', '2022-01-05 02:40:53'),
(21, 77, 'ABC1234', 'Est.', 'Est.', 'Numquam.', 16, 'ACTIVE', '2022-01-05 02:40:53', '2022-01-05 02:40:53'),
(22, 94, 'ABC1234', 'Vitae.', 'Qui eos.', 'Dicta.', 16, 'INACTIVE', '2022-01-05 02:40:53', '2022-01-05 02:40:53'),
(23, 76, 'ABC1234', 'Voluptas.', 'Debitis.', 'Dolore.', 16, 'ACTIVE', '2022-01-05 02:40:53', '2022-01-05 02:40:53'),
(24, 158, 'ABC1234', 'Atque.', 'Eaque ea.', 'Tempore.', 16, 'ACTIVE', '2022-01-05 02:40:53', '2022-01-05 02:40:53'),
(25, 71, 'ABC1234', 'Quis modi.', 'A.', 'Quo.', 16, 'INACTIVE', '2022-01-05 02:40:53', '2022-01-05 02:40:53'),
(26, 26, 'ABC1234', 'Tempore.', 'Expedita.', 'Placeat.', 16, 'ACTIVE', '2022-01-05 02:40:53', '2022-01-05 02:40:53'),
(27, 93, 'ABC1234', 'Soluta.', 'Vitae nam.', 'Eum animi.', 16, 'INACTIVE', '2022-01-05 02:40:53', '2022-01-05 02:40:53'),
(28, 34, 'ABC1234', 'Qui ipsa.', 'Possimus.', 'Impedit.', 16, 'INACTIVE', '2022-01-05 02:40:53', '2022-01-05 02:40:53'),
(29, 94, 'ABC1234', 'Dolorem.', 'Corrupti.', 'Quis.', 16, 'ACTIVE', '2022-01-05 02:40:53', '2022-01-05 02:40:53'),
(30, 68, 'ABC1234', 'Dolor.', 'Ullam.', 'Rerum.', 16, 'INACTIVE', '2022-01-05 02:40:53', '2022-01-05 02:40:53'),
(31, 193, 'ABC1234', 'Ratione.', 'Qui.', 'Doloribus.', 16, 'INACTIVE', '2022-01-05 02:40:53', '2022-01-05 02:40:53'),
(32, 144, 'ABC1234', 'Quisquam.', 'Tempore.', 'Non.', 16, 'INACTIVE', '2022-01-05 02:40:53', '2022-01-05 02:40:53'),
(33, 35, 'ABC1234', 'Velit ab.', 'Dolor.', 'Alias.', 16, 'ACTIVE', '2022-01-05 02:40:53', '2022-01-05 02:40:53'),
(34, 158, 'ABC1234', 'Labore.', 'Qui est.', 'Et.', 16, 'ACTIVE', '2022-01-05 02:40:53', '2022-01-05 02:40:53'),
(35, 16, 'ABC1234', 'Sit.', 'Nobis.', 'Omnis.', 16, 'ACTIVE', '2022-01-05 02:40:53', '2022-01-05 02:40:53'),
(36, 113, 'ABC1234', 'Ab culpa.', 'Facere.', 'Et.', 16, 'ACTIVE', '2022-01-05 02:40:53', '2022-01-05 02:40:53'),
(37, 109, 'ABC1234', 'Est aut.', 'Aperiam.', 'Porro.', 16, 'INACTIVE', '2022-01-05 02:40:53', '2022-01-05 02:40:53'),
(38, 170, 'ABC1234', 'Ut quidem.', 'Magni.', 'Atque qui.', 16, 'ACTIVE', '2022-01-05 02:40:53', '2022-01-05 02:40:53'),
(39, 90, 'ABC1234', 'Dolores.', 'Dolorem.', 'Tenetur.', 16, 'ACTIVE', '2022-01-05 02:40:53', '2022-01-05 02:40:53'),
(40, 26, 'ABC1234', 'Nesciunt.', 'Nulla.', 'Porro ad.', 16, 'ACTIVE', '2022-01-05 02:40:53', '2022-01-05 02:40:53'),
(41, 114, 'ABC1234', 'Assumenda.', 'Vero.', 'Atque.', 16, 'INACTIVE', '2022-01-05 02:40:53', '2022-01-05 02:40:53'),
(42, 45, 'ABC1234', 'Ea.', 'Non quos.', 'Sunt sint.', 16, 'ACTIVE', '2022-01-05 02:40:53', '2022-01-05 02:40:53'),
(43, 71, 'ABC1234', 'Est.', 'Quas.', 'Quia.', 16, 'INACTIVE', '2022-01-05 02:40:53', '2022-01-05 02:40:53'),
(44, 133, 'ABC1234', 'Omnis sit.', 'Sunt aut.', 'Fugiat.', 16, 'INACTIVE', '2022-01-05 02:40:53', '2022-01-05 02:40:53'),
(45, 177, 'ABC1234', 'Dicta nam.', 'Dolorum.', 'A omnis.', 16, 'INACTIVE', '2022-01-05 02:40:53', '2022-01-05 02:40:53'),
(46, 63, 'ABC1234', 'Qui nobis.', 'Molestias.', 'Ut.', 16, 'ACTIVE', '2022-01-05 02:40:53', '2022-01-05 02:40:53'),
(47, 179, 'ABC1234', 'Ducimus.', 'Quia eos.', 'Et rerum.', 16, 'INACTIVE', '2022-01-05 02:40:53', '2022-01-05 02:40:53'),
(48, 110, 'ABC1234', 'Omnis.', 'Dicta.', 'Provident.', 16, 'INACTIVE', '2022-01-05 02:40:53', '2022-01-05 02:40:53'),
(49, 129, 'ABC1234', 'Ea nisi.', 'Nisi enim.', 'Beatae.', 16, 'ACTIVE', '2022-01-05 02:40:53', '2022-01-05 02:40:53'),
(50, 82, 'ABC1234', 'Animi.', 'Fuga quia.', 'Omnis ab.', 16, 'ACTIVE', '2022-01-05 02:40:53', '2022-01-05 02:40:53');

--
-- Indexes for dumped tables
--

--
-- Indexes for table `failed_jobs`
--
ALTER TABLE `failed_jobs`
  ADD PRIMARY KEY (`id`),
  ADD UNIQUE KEY `failed_jobs_uuid_unique` (`uuid`);

--
-- Indexes for table `migrations`
--
ALTER TABLE `migrations`
  ADD PRIMARY KEY (`id`);

--
-- Indexes for table `orders`
--
ALTER TABLE `orders`
  ADD PRIMARY KEY (`orderID`),
  ADD KEY `orders_customerid_foreign` (`customerID`),
  ADD KEY `orders_tripid_foreign` (`tripID`);

--
-- Indexes for table `password_resets`
--
ALTER TABLE `password_resets`
  ADD KEY `password_resets_email_index` (`email`);

--
-- Indexes for table `personal_access_tokens`
--
ALTER TABLE `personal_access_tokens`
  ADD PRIMARY KEY (`id`),
  ADD UNIQUE KEY `personal_access_tokens_token_unique` (`token`),
  ADD KEY `personal_access_tokens_tokenable_type_tokenable_id_index` (`tokenable_type`,`tokenable_id`);

--
-- Indexes for table `route`
--
ALTER TABLE `route`
  ADD PRIMARY KEY (`routeID`),
  ADD KEY `route_o_termid_foreign` (`O_termID`),
  ADD KEY `route_d_termid_foreign` (`D_termID`);

--
-- Indexes for table `terminal`
--
ALTER TABLE `terminal`
  ADD PRIMARY KEY (`terminalID`),
  ADD KEY `terminal_adminid_foreign` (`adminID`);

--
-- Indexes for table `trip`
--
ALTER TABLE `trip`
  ADD PRIMARY KEY (`tripID`),
  ADD KEY `trip_vehicleid_foreign` (`vehicleID`),
  ADD KEY `trip_routeid_foreign` (`routeID`);

--
-- Indexes for table `users`
--
ALTER TABLE `users`
  ADD PRIMARY KEY (`userID`),
  ADD UNIQUE KEY `users_email_unique` (`email`);

--
-- Indexes for table `vhire`
--
ALTER TABLE `vhire`
  ADD PRIMARY KEY (`vehicleID`),
  ADD KEY `vhire_driverid_foreign` (`driverID`);

--
-- AUTO_INCREMENT for dumped tables
--

--
-- AUTO_INCREMENT for table `failed_jobs`
--
ALTER TABLE `failed_jobs`
  MODIFY `id` bigint(20) UNSIGNED NOT NULL AUTO_INCREMENT;

--
-- AUTO_INCREMENT for table `migrations`
--
ALTER TABLE `migrations`
  MODIFY `id` int(10) UNSIGNED NOT NULL AUTO_INCREMENT, AUTO_INCREMENT=10;

--
-- AUTO_INCREMENT for table `orders`
--
ALTER TABLE `orders`
  MODIFY `orderID` int(10) UNSIGNED NOT NULL AUTO_INCREMENT, AUTO_INCREMENT=602;

--
-- AUTO_INCREMENT for table `personal_access_tokens`
--
ALTER TABLE `personal_access_tokens`
  MODIFY `id` bigint(20) UNSIGNED NOT NULL AUTO_INCREMENT;

--
-- AUTO_INCREMENT for table `trip`
--
ALTER TABLE `trip`
  MODIFY `tripID` int(10) UNSIGNED NOT NULL AUTO_INCREMENT, AUTO_INCREMENT=251;

--
-- AUTO_INCREMENT for table `users`
--
ALTER TABLE `users`
  MODIFY `userID` int(10) UNSIGNED NOT NULL AUTO_INCREMENT, AUTO_INCREMENT=301;

--
-- AUTO_INCREMENT for table `vhire`
--
ALTER TABLE `vhire`
  MODIFY `vehicleID` int(10) UNSIGNED NOT NULL AUTO_INCREMENT, AUTO_INCREMENT=51;

--
-- Constraints for dumped tables
--

--
-- Constraints for table `orders`
--
ALTER TABLE `orders`
  ADD CONSTRAINT `orders_customerid_foreign` FOREIGN KEY (`customerID`) REFERENCES `users` (`userID`) ON DELETE CASCADE ON UPDATE CASCADE,
  ADD CONSTRAINT `orders_tripid_foreign` FOREIGN KEY (`tripID`) REFERENCES `trip` (`tripID`) ON DELETE CASCADE ON UPDATE CASCADE;

--
-- Constraints for table `route`
--
ALTER TABLE `route`
  ADD CONSTRAINT `route_d_termid_foreign` FOREIGN KEY (`D_termID`) REFERENCES `terminal` (`terminalID`) ON DELETE CASCADE ON UPDATE CASCADE,
  ADD CONSTRAINT `route_o_termid_foreign` FOREIGN KEY (`O_termID`) REFERENCES `terminal` (`terminalID`) ON DELETE CASCADE ON UPDATE CASCADE;

--
-- Constraints for table `terminal`
--
ALTER TABLE `terminal`
  ADD CONSTRAINT `terminal_adminid_foreign` FOREIGN KEY (`adminID`) REFERENCES `users` (`userID`) ON DELETE CASCADE ON UPDATE CASCADE;

--
-- Constraints for table `trip`
--
ALTER TABLE `trip`
  ADD CONSTRAINT `trip_routeid_foreign` FOREIGN KEY (`routeID`) REFERENCES `route` (`routeID`) ON DELETE CASCADE ON UPDATE CASCADE,
  ADD CONSTRAINT `trip_vehicleid_foreign` FOREIGN KEY (`vehicleID`) REFERENCES `vhire` (`vehicleID`) ON DELETE CASCADE ON UPDATE CASCADE;

--
-- Constraints for table `vhire`
--
ALTER TABLE `vhire`
  ADD CONSTRAINT `vhire_driverid_foreign` FOREIGN KEY (`driverID`) REFERENCES `users` (`userID`) ON DELETE CASCADE ON UPDATE CASCADE;
COMMIT;

/*!40101 SET CHARACTER_SET_CLIENT=@OLD_CHARACTER_SET_CLIENT */;
/*!40101 SET CHARACTER_SET_RESULTS=@OLD_CHARACTER_SET_RESULTS */;
/*!40101 SET COLLATION_CONNECTION=@OLD_COLLATION_CONNECTION */;
